-- MySQL dump 10.13  Distrib 5.6.23, for Win64 (x86_64)
--
-- Host: mapps.mahindra.com    Database: epc_frm
-- ------------------------------------------------------
-- Server version	5.6.26-log

/*!40101 SET @OLD_CHARACTER_SET_CLIENT=@@CHARACTER_SET_CLIENT */;
/*!40101 SET @OLD_CHARACTER_SET_RESULTS=@@CHARACTER_SET_RESULTS */;
/*!40101 SET @OLD_COLLATION_CONNECTION=@@COLLATION_CONNECTION */;
/*!40101 SET NAMES utf8 */;
/*!40103 SET @OLD_TIME_ZONE=@@TIME_ZONE */;
/*!40103 SET TIME_ZONE='+00:00' */;
/*!40014 SET @OLD_UNIQUE_CHECKS=@@UNIQUE_CHECKS, UNIQUE_CHECKS=0 */;
/*!40014 SET @OLD_FOREIGN_KEY_CHECKS=@@FOREIGN_KEY_CHECKS, FOREIGN_KEY_CHECKS=0 */;
/*!40101 SET @OLD_SQL_MODE=@@SQL_MODE, SQL_MODE='NO_AUTO_VALUE_ON_ZERO' */;
/*!40111 SET @OLD_SQL_NOTES=@@SQL_NOTES, SQL_NOTES=0 */;

--
-- Table structure for table `address_master`
--

DROP TABLE IF EXISTS `address_master`;
/*!40101 SET @saved_cs_client     = @@character_set_client */;
/*!40101 SET character_set_client = utf8 */;
CREATE TABLE `address_master` (
  `id` int(11) NOT NULL,
  `created_by` varchar(10) DEFAULT NULL,
  `created_on` datetime DEFAULT NULL,
  `modified_by` varchar(100) DEFAULT NULL,
  `modified_on` datetime DEFAULT NULL,
  `active_status` varchar(1) DEFAULT NULL,
  `address_line1` varchar(500) DEFAULT NULL,
  `address_line2` varchar(500) DEFAULT NULL,
  `address_no` varchar(50) DEFAULT NULL,
  `address_type` varchar(20) DEFAULT NULL,
  `area_ha` double NOT NULL,
  `city` varchar(100) DEFAULT NULL,
  `customer_no` varchar(50) DEFAULT NULL,
  `dist` varchar(100) DEFAULT NULL,
  `pin_code` int(11) DEFAULT NULL,
  `state` varchar(50) DEFAULT NULL,
  `taluka` varchar(100) DEFAULT NULL,
  `village` varchar(100) DEFAULT NULL,
  PRIMARY KEY (`id`)
) ENGINE=InnoDB DEFAULT CHARSET=utf8mb4;
/*!40101 SET character_set_client = @saved_cs_client */;

--
-- Dumping data for table `address_master`
--

LOCK TABLES `address_master` WRITE;
/*!40000 ALTER TABLE `address_master` DISABLE KEYS */;
INSERT INTO `address_master` VALUES (2,'EPC Admin','2021-04-09 14:33:43',NULL,'2021-04-09 14:33:43','1','ghatkoper east mumbai MH','indore MP','12','perssonal',0,'indore','1','indore',452001,'MP','indore','Bhogawa'),(11,'EPC Admin','2021-04-09 14:35:48',NULL,'2021-04-09 14:35:48','1','ghatkoper east mumbai MH','indore MP','12','perssonal',0,'indore','1','indore',452001,'MP','indore','Bhogawa'),(20,'EPC Admin','2021-04-12 11:51:58',NULL,'2021-04-12 11:51:58','1','ghatkoper east mumbai MH','indore MP','12','perssonal',0,'indore','1','indore',452001,'MP','indore','Bhogawa'),(29,'EPC Admin','2021-04-12 15:15:05',NULL,'2021-04-12 15:15:05','1','ghatkoper east mumbai MH','indore MP','12','perssonal',0,'indore','1','indore',452001,'MP','indore','Bhogawa'),(33,'EPC Admin','2021-04-12 15:18:10',NULL,'2021-04-12 15:18:10','1','ghatkoper east mumbai MH','indore MP','12','perssonal',0,'indore','1','indore',452001,'MP','indore','Bhogawa'),(37,'EPC Admin','2021-04-14 13:01:11',NULL,'2021-04-14 13:01:11','1','ghatkoper east mumbai MH','indore MP','12','perssonal',0,'indore','1','indore',452001,'MP','indore','Bhogawa'),(41,'EPC Admin','2021-04-14 13:42:56',NULL,'2021-04-14 13:42:56','1','ghatkoper east mumbai MH','indore MP','12','perssonal',0,'indore','1','indore',452001,'MP','indore','Bhogawa');
/*!40000 ALTER TABLE `address_master` ENABLE KEYS */;
UNLOCK TABLES;

--
-- Table structure for table `city_master`
--

DROP TABLE IF EXISTS `city_master`;
/*!40101 SET @saved_cs_client     = @@character_set_client */;
/*!40101 SET character_set_client = utf8 */;
CREATE TABLE `city_master` (
  `id` int(11) NOT NULL,
  `created_by` varchar(10) DEFAULT NULL,
  `created_on` datetime DEFAULT NULL,
  `modified_by` varchar(100) DEFAULT NULL,
  `modified_on` datetime DEFAULT NULL,
  `active_status` varchar(1) DEFAULT NULL,
  `city_code` int(11) NOT NULL,
  `city_name` varchar(100) DEFAULT NULL,
  `state_code` int(11) NOT NULL,
  PRIMARY KEY (`id`)
) ENGINE=InnoDB DEFAULT CHARSET=utf8mb4;
/*!40101 SET character_set_client = @saved_cs_client */;

--
-- Dumping data for table `city_master`
--

LOCK TABLES `city_master` WRITE;
/*!40000 ALTER TABLE `city_master` DISABLE KEYS */;
INSERT INTO `city_master` VALUES (1,'Admin','2021-04-09 22:31:44',NULL,NULL,'Y',603,'NICOBARS',35),(2,'Admin','2021-04-09 22:31:44',NULL,NULL,'Y',632,'NORTH AND MIDDLE ANDAMAN',35),(3,'Admin','2021-04-09 22:31:44',NULL,NULL,'Y',602,'SOUTH ANDAMANS',35),(4,'Admin','2021-04-09 22:31:44',NULL,NULL,'Y',502,'ANANTAPUR',28),(5,'Admin','2021-04-09 22:31:44',NULL,NULL,'Y',503,'CHITTOOR',28),(6,'Admin','2021-04-09 22:31:44',NULL,NULL,'Y',505,'EAST GODAVARI',28),(7,'Admin','2021-04-09 22:31:44',NULL,NULL,'Y',506,'GUNTUR',28),(8,'Admin','2021-04-09 22:31:44',NULL,NULL,'Y',510,'KRISHNA',28),(9,'Admin','2021-04-09 22:31:44',NULL,NULL,'Y',511,'KURNOOL',28),(10,'Admin','2021-04-09 22:31:44',NULL,NULL,'Y',517,'PRAKASAM',28),(11,'Admin','2021-04-09 22:31:44',NULL,NULL,'Y',515,'SPSR NELLORE',28),(12,'Admin','2021-04-09 22:31:44',NULL,NULL,'Y',519,'SRIKAKULAM',28),(13,'Admin','2021-04-09 22:31:44',NULL,NULL,'Y',520,'VISAKHAPATANAM',28),(14,'Admin','2021-04-09 22:31:44',NULL,NULL,'Y',521,'VIZIANAGARAM',28),(15,'Admin','2021-04-09 22:31:44',NULL,NULL,'Y',523,'WEST GODAVARI',28),(16,'Admin','2021-04-09 22:31:44',NULL,NULL,'Y',504,'Y.S.R.',28),(17,'Admin','2021-04-09 22:31:44',NULL,NULL,'Y',628,'ANJAW',12),(18,'Admin','2021-04-09 22:31:44',NULL,NULL,'Y',229,'CHANGLANG',12),(19,'Admin','2021-04-09 22:31:44',NULL,NULL,'Y',230,'DIBANG VALLEY',12),(20,'Admin','2021-04-09 22:31:44',NULL,NULL,'Y',231,'EAST KAMENG',12),(21,'Admin','2021-04-09 22:31:44',NULL,NULL,'Y',232,'EAST SIANG',12),(22,'Admin','2021-04-09 22:31:44',NULL,NULL,'Y',718,'KAMLE',12),(23,'Admin','2021-04-09 22:31:44',NULL,NULL,'Y',677,'KRA DAADI',12),(24,'Admin','2021-04-09 22:31:44',NULL,NULL,'Y',233,'KURUNG KUMEY',12),(25,'Admin','2021-04-09 22:31:44',NULL,NULL,'Y',724,'LEPARADA',12),(26,'Admin','2021-04-09 22:31:44',NULL,NULL,'Y',234,'LOHIT',12),(27,'Admin','2021-04-09 22:31:44',NULL,NULL,'Y',666,'LONGDING',12),(28,'Admin','2021-04-09 22:31:44',NULL,NULL,'Y',235,'LOWER DIBANG VALLEY',12),(29,'Admin','2021-04-09 22:31:44',NULL,NULL,'Y',719,'LOWER SIANG',12),(30,'Admin','2021-04-09 22:31:44',NULL,NULL,'Y',236,'LOWER SUBANSIRI',12),(31,'Admin','2021-04-09 22:31:44',NULL,NULL,'Y',678,'NAMSAI',12),(32,'Admin','2021-04-09 22:31:44',NULL,NULL,'Y',723,'PAKKE KESSANG',12),(33,'Admin','2021-04-09 22:31:44',NULL,NULL,'Y',237,'PAPUM PARE',12),(34,'Admin','2021-04-09 22:31:44',NULL,NULL,'Y',725,'SHI YOMI',12),(35,'Admin','2021-04-09 22:31:44',NULL,NULL,'Y',679,'SIANG',12),(36,'Admin','2021-04-09 22:31:44',NULL,NULL,'Y',238,'TAWANG',12),(37,'Admin','2021-04-09 22:31:44',NULL,NULL,'Y',239,'TIRAP',12),(38,'Admin','2021-04-09 22:31:44',NULL,NULL,'Y',240,'UPPER SIANG',12),(39,'Admin','2021-04-09 22:31:44',NULL,NULL,'Y',241,'UPPER SUBANSIRI',12),(40,'Admin','2021-04-09 22:31:44',NULL,NULL,'Y',242,'WEST KAMENG',12),(41,'Admin','2021-04-09 22:31:44',NULL,NULL,'Y',243,'WEST SIANG',12),(42,'Admin','2021-04-09 22:31:44',NULL,NULL,'Y',616,'BAKSA',18),(43,'Admin','2021-04-09 22:31:44',NULL,NULL,'Y',280,'BARPETA',18),(44,'Admin','2021-04-09 22:31:44',NULL,NULL,'Y',705,'Biswanath',18),(45,'Admin','2021-04-09 22:31:44',NULL,NULL,'Y',281,'BONGAIGAON',18),(46,'Admin','2021-04-09 22:31:44',NULL,NULL,'Y',282,'CACHAR',18),(47,'Admin','2021-04-09 22:31:44',NULL,NULL,'Y',708,'CHARAIDEO',18),(48,'Admin','2021-04-09 22:31:44',NULL,NULL,'Y',612,'CHIRANG',18),(49,'Admin','2021-04-09 22:31:44',NULL,NULL,'Y',557,'KANNUR',32),(50,'Admin','2021-04-09 22:31:44',NULL,NULL,'Y',283,'DARRANG',18),(51,'Admin','2021-04-09 22:31:44',NULL,NULL,'Y',284,'DHEMAJI',18),(52,'Admin','2021-04-09 22:31:44',NULL,NULL,'Y',285,'DHUBRI',18),(53,'Admin','2021-04-09 22:31:44',NULL,NULL,'Y',286,'DIBRUGARH',18),(54,'Admin','2021-04-09 22:31:44',NULL,NULL,'Y',299,'DIMA HASAO',18),(55,'Admin','2021-04-09 22:31:44',NULL,NULL,'Y',287,'GOALPARA',18),(56,'Admin','2021-04-09 22:31:44',NULL,NULL,'Y',288,'GOLAGHAT',18),(57,'Admin','2021-04-09 22:31:44',NULL,NULL,'Y',289,'HAILAKANDI',18),(58,'Admin','2021-04-09 22:31:44',NULL,NULL,'Y',709,'HOJAI',18),(59,'Admin','2021-04-09 22:31:44',NULL,NULL,'Y',290,'JORHAT',18),(60,'Admin','2021-04-09 22:31:44',NULL,NULL,'Y',291,'KAMRUP',18),(61,'Admin','2021-04-09 22:31:44',NULL,NULL,'Y',618,'KAMRUP METRO',18),(62,'Admin','2021-04-09 22:31:44',NULL,NULL,'Y',292,'KARBI ANGLONG',18),(63,'Admin','2021-04-09 22:31:44',NULL,NULL,'Y',293,'KARIMGANJ',18),(64,'Admin','2021-04-09 22:31:44',NULL,NULL,'Y',294,'KOKRAJHAR',18),(65,'Admin','2021-04-09 22:31:44',NULL,NULL,'Y',295,'LAKHIMPUR',18),(66,'Admin','2021-04-09 22:31:44',NULL,NULL,'Y',706,'MAJULI',18),(67,'Admin','2021-04-09 22:31:44',NULL,NULL,'Y',296,'MARIGAON',18),(68,'Admin','2021-04-09 22:31:44',NULL,NULL,'Y',297,'NAGAON',18),(69,'Admin','2021-04-09 22:31:44',NULL,NULL,'Y',298,'NALBARI',18),(70,'Admin','2021-04-09 22:31:44',NULL,NULL,'Y',300,'SIVASAGAR',18),(71,'Admin','2021-04-09 22:31:44',NULL,NULL,'Y',301,'SONITPUR',18),(72,'Admin','2021-04-09 22:31:44',NULL,NULL,'Y',707,'SOUTH SALMARA MANCACHAR',18),(73,'Admin','2021-04-09 22:31:44',NULL,NULL,'Y',302,'TINSUKIA',18),(74,'Admin','2021-04-09 22:31:44',NULL,NULL,'Y',617,'UDALGURI',18),(75,'Admin','2021-04-09 22:31:44',NULL,NULL,'Y',710,'WEST KARBI ANGLONG',18),(76,'Admin','2021-04-09 22:31:44',NULL,NULL,'Y',188,'ARARIA',10),(77,'Admin','2021-04-09 22:31:44',NULL,NULL,'Y',611,'ARWAL',10),(78,'Admin','2021-04-09 22:31:44',NULL,NULL,'Y',189,'AURANGABAD',10),(79,'Admin','2021-04-09 22:31:44',NULL,NULL,'Y',190,'BANKA',10),(80,'Admin','2021-04-09 22:31:44',NULL,NULL,'Y',191,'BEGUSARAI',10),(81,'Admin','2021-04-09 22:31:44',NULL,NULL,'Y',192,'BHAGALPUR',10),(82,'Admin','2021-04-09 22:31:44',NULL,NULL,'Y',193,'BHOJPUR',10),(83,'Admin','2021-04-09 22:31:44',NULL,NULL,'Y',194,'BUXAR',10),(84,'Admin','2021-04-09 22:31:44',NULL,NULL,'Y',195,'DARBHANGA',10),(85,'Admin','2021-04-09 22:31:44',NULL,NULL,'Y',196,'GAYA',10),(86,'Admin','2021-04-09 22:31:44',NULL,NULL,'Y',197,'GOPALGANJ',10),(87,'Admin','2021-04-09 22:31:44',NULL,NULL,'Y',198,'JAMUI',10),(88,'Admin','2021-04-09 22:31:44',NULL,NULL,'Y',199,'JEHANABAD',10),(89,'Admin','2021-04-09 22:31:44',NULL,NULL,'Y',200,'KAIMUR (BHABUA)',10),(90,'Admin','2021-04-09 22:31:44',NULL,NULL,'Y',201,'KATIHAR',10),(91,'Admin','2021-04-09 22:31:44',NULL,NULL,'Y',202,'KHAGARIA',10),(92,'Admin','2021-04-09 22:31:44',NULL,NULL,'Y',203,'KISHANGANJ',10),(93,'Admin','2021-04-09 22:31:44',NULL,NULL,'Y',204,'LAKHISARAI',10),(94,'Admin','2021-04-09 22:31:44',NULL,NULL,'Y',205,'MADHEPURA',10),(95,'Admin','2021-04-09 22:31:44',NULL,NULL,'Y',206,'MADHUBANI',10),(96,'Admin','2021-04-09 22:31:44',NULL,NULL,'Y',207,'MUNGER',10),(97,'Admin','2021-04-09 22:31:44',NULL,NULL,'Y',208,'MUZAFFARPUR',10),(98,'Admin','2021-04-09 22:31:44',NULL,NULL,'Y',209,'NALANDA',10),(99,'Admin','2021-04-09 22:31:44',NULL,NULL,'Y',210,'NAWADA',10),(100,'Admin','2021-04-09 22:31:44',NULL,NULL,'Y',211,'PASHCHIM CHAMPARAN',10),(101,'Admin','2021-04-09 22:31:44',NULL,NULL,'Y',212,'PATNA',10),(102,'Admin','2021-04-09 22:31:44',NULL,NULL,'Y',213,'PURBI CHAMPARAN',10),(103,'Admin','2021-04-09 22:31:44',NULL,NULL,'Y',214,'PURNIA',10),(104,'Admin','2021-04-09 22:31:44',NULL,NULL,'Y',215,'ROHTAS',10),(105,'Admin','2021-04-09 22:31:44',NULL,NULL,'Y',216,'SAHARSA',10),(106,'Admin','2021-04-09 22:31:44',NULL,NULL,'Y',217,'SAMASTIPUR',10),(107,'Admin','2021-04-09 22:31:44',NULL,NULL,'Y',218,'SARAN',10),(108,'Admin','2021-04-09 22:31:44',NULL,NULL,'Y',219,'SHEIKHPURA',10),(109,'Admin','2021-04-09 22:31:44',NULL,NULL,'Y',220,'SHEOHAR',10),(110,'Admin','2021-04-09 22:31:44',NULL,NULL,'Y',221,'SITAMARHI',10),(111,'Admin','2021-04-09 22:31:44',NULL,NULL,'Y',222,'SIWAN',10),(112,'Admin','2021-04-09 22:31:44',NULL,NULL,'Y',223,'SUPAUL',10),(113,'Admin','2021-04-09 22:31:44',NULL,NULL,'Y',224,'VAISHALI',10),(114,'Admin','2021-04-09 22:31:44',NULL,NULL,'Y',44,'CHANDIGARH',4),(115,'Admin','2021-04-09 22:31:44',NULL,NULL,'Y',646,'BALOD',22),(116,'Admin','2021-04-09 22:31:44',NULL,NULL,'Y',644,'BALODA BAZAR',22),(117,'Admin','2021-04-09 22:31:44',NULL,NULL,'Y',649,'BALRAMPUR',22),(118,'Admin','2021-04-09 22:31:44',NULL,NULL,'Y',374,'BASTAR',22),(119,'Admin','2021-04-09 22:31:44',NULL,NULL,'Y',650,'BEMETARA',22),(120,'Admin','2021-04-09 22:31:44',NULL,NULL,'Y',636,'BIJAPUR',22),(121,'Admin','2021-04-09 22:31:44',NULL,NULL,'Y',375,'BILASPUR',22),(122,'Admin','2021-04-09 22:31:44',NULL,NULL,'Y',376,'DANTEWADA',22),(123,'Admin','2021-04-09 22:31:44',NULL,NULL,'Y',377,'DHAMTARI',22),(124,'Admin','2021-04-09 22:31:44',NULL,NULL,'Y',378,'DURG',22),(125,'Admin','2021-04-09 22:31:44',NULL,NULL,'Y',645,'GARIYABAND',22),(126,'Admin','2021-04-09 22:31:44',NULL,NULL,'Y',734,'Gaurella Pendra Marwahi',22),(127,'Admin','2021-04-09 22:31:44',NULL,NULL,'Y',379,'JANJGIR-CHAMPA',22),(128,'Admin','2021-04-09 22:31:44',NULL,NULL,'Y',380,'JASHPUR',22),(129,'Admin','2021-04-09 22:31:44',NULL,NULL,'Y',382,'KABIRDHAM',22),(130,'Admin','2021-04-09 22:31:44',NULL,NULL,'Y',381,'KANKER',22),(131,'Admin','2021-04-09 22:31:44',NULL,NULL,'Y',643,'KONDAGAON',22),(132,'Admin','2021-04-09 22:31:44',NULL,NULL,'Y',383,'KORBA',22),(133,'Admin','2021-04-09 22:31:44',NULL,NULL,'Y',384,'KOREA',22),(134,'Admin','2021-04-09 22:31:44',NULL,NULL,'Y',385,'MAHASAMUND',22),(135,'Admin','2021-04-09 22:31:44',NULL,NULL,'Y',647,'MUNGELI',22),(136,'Admin','2021-04-09 22:31:44',NULL,NULL,'Y',637,'NARAYANPUR',22),(137,'Admin','2021-04-09 22:31:44',NULL,NULL,'Y',386,'RAIGARH',22),(138,'Admin','2021-04-09 22:31:44',NULL,NULL,'Y',387,'RAIPUR',22),(139,'Admin','2021-04-09 22:31:44',NULL,NULL,'Y',388,'RAJNANDGAON',22),(140,'Admin','2021-04-09 22:31:44',NULL,NULL,'Y',642,'SUKMA',22),(141,'Admin','2021-04-09 22:31:44',NULL,NULL,'Y',648,'SURAJPUR',22),(142,'Admin','2021-04-09 22:31:44',NULL,NULL,'Y',389,'SURGUJA',22),(143,'Admin','2021-04-09 22:31:44',NULL,NULL,'Y',77,'CENTRAL',7),(144,'Admin','2021-04-09 22:31:44',NULL,NULL,'Y',78,'EAST',7),(145,'Admin','2021-04-09 22:31:44',NULL,NULL,'Y',79,'NEW DELHI',7),(146,'Admin','2021-04-09 22:31:44',NULL,NULL,'Y',80,'NORTH',7),(147,'Admin','2021-04-09 22:31:44',NULL,NULL,'Y',81,'NORTH EAST',7),(148,'Admin','2021-04-09 22:31:44',NULL,NULL,'Y',82,'NORTH WEST',7),(149,'Admin','2021-04-09 22:31:44',NULL,NULL,'Y',671,'SHAHDARA',7),(150,'Admin','2021-04-09 22:31:44',NULL,NULL,'Y',83,'SOUTH',7),(151,'Admin','2021-04-09 22:31:44',NULL,NULL,'Y',670,'South East',7),(152,'Admin','2021-04-09 22:31:44',NULL,NULL,'Y',84,'SOUTH WEST',7),(153,'Admin','2021-04-09 22:31:44',NULL,NULL,'Y',85,'WEST',7),(154,'Admin','2021-04-09 22:31:44',NULL,NULL,'Y',551,'NORTH GOA',30),(155,'Admin','2021-04-09 22:31:44',NULL,NULL,'Y',552,'SOUTH GOA',30),(156,'Admin','2021-04-09 22:31:44',NULL,NULL,'Y',438,'AHMADABAD',24),(157,'Admin','2021-04-09 22:31:44',NULL,NULL,'Y',439,'AMRELI',24),(158,'Admin','2021-04-09 22:31:44',NULL,NULL,'Y',440,'ANAND',24),(159,'Admin','2021-04-09 22:31:44',NULL,NULL,'Y',672,'ARVALLI',24),(160,'Admin','2021-04-09 22:31:44',NULL,NULL,'Y',441,'BANAS KANTHA',24),(161,'Admin','2021-04-09 22:31:44',NULL,NULL,'Y',442,'BHARUCH',24),(162,'Admin','2021-04-09 22:31:44',NULL,NULL,'Y',443,'BHAVNAGAR',24),(163,'Admin','2021-04-09 22:31:44',NULL,NULL,'Y',676,'BOTAD',24),(164,'Admin','2021-04-09 22:31:44',NULL,NULL,'Y',668,'CHHOTAUDEPUR',24),(165,'Admin','2021-04-09 22:31:44',NULL,NULL,'Y',444,'DANG',24),(166,'Admin','2021-04-09 22:31:44',NULL,NULL,'Y',674,'DEVBHUMI DWARKA',24),(167,'Admin','2021-04-09 22:31:44',NULL,NULL,'Y',445,'DOHAD',24),(168,'Admin','2021-04-09 22:31:44',NULL,NULL,'Y',446,'GANDHINAGAR',24),(169,'Admin','2021-04-09 22:31:44',NULL,NULL,'Y',675,'GIR SOMNATH',24),(170,'Admin','2021-04-09 22:31:44',NULL,NULL,'Y',447,'JAMNAGAR',24),(171,'Admin','2021-04-09 22:31:44',NULL,NULL,'Y',448,'JUNAGADH',24),(172,'Admin','2021-04-09 22:31:44',NULL,NULL,'Y',449,'KACHCHH',24),(173,'Admin','2021-04-09 22:31:44',NULL,NULL,'Y',450,'KHEDA',24),(174,'Admin','2021-04-09 22:31:44',NULL,NULL,'Y',451,'MAHESANA',24),(175,'Admin','2021-04-09 22:31:44',NULL,NULL,'Y',669,'Mahisagar',24),(176,'Admin','2021-04-09 22:31:44',NULL,NULL,'Y',673,'MORBI',24),(177,'Admin','2021-04-09 22:31:44',NULL,NULL,'Y',452,'NARMADA',24),(178,'Admin','2021-04-09 22:31:44',NULL,NULL,'Y',453,'NAVSARI',24),(179,'Admin','2021-04-09 22:31:44',NULL,NULL,'Y',454,'PANCH MAHALS',24),(180,'Admin','2021-04-09 22:31:44',NULL,NULL,'Y',455,'PATAN',24),(181,'Admin','2021-04-09 22:31:44',NULL,NULL,'Y',456,'PORBANDAR',24),(182,'Admin','2021-04-09 22:31:44',NULL,NULL,'Y',457,'RAJKOT',24),(183,'Admin','2021-04-09 22:31:44',NULL,NULL,'Y',458,'SABAR KANTHA',24),(184,'Admin','2021-04-09 22:31:44',NULL,NULL,'Y',459,'SURAT',24),(185,'Admin','2021-04-09 22:31:44',NULL,NULL,'Y',460,'SURENDRANAGAR',24),(186,'Admin','2021-04-09 22:31:44',NULL,NULL,'Y',641,'TAPI',24),(187,'Admin','2021-04-09 22:31:44',NULL,NULL,'Y',461,'VADODARA',24),(188,'Admin','2021-04-09 22:31:44',NULL,NULL,'Y',462,'VALSAD',24),(189,'Admin','2021-04-09 22:31:44',NULL,NULL,'Y',58,'AMBALA',6),(190,'Admin','2021-04-09 22:31:44',NULL,NULL,'Y',59,'BHIWANI',6),(191,'Admin','2021-04-09 22:31:44',NULL,NULL,'Y',701,'CHARKI DADRI',6),(192,'Admin','2021-04-09 22:31:44',NULL,NULL,'Y',60,'FARIDABAD',6),(193,'Admin','2021-04-09 22:31:44',NULL,NULL,'Y',61,'FATEHABAD',6),(194,'Admin','2021-04-09 22:31:44',NULL,NULL,'Y',62,'GURUGRAM',6),(195,'Admin','2021-04-09 22:31:44',NULL,NULL,'Y',63,'HISAR',6),(196,'Admin','2021-04-09 22:31:44',NULL,NULL,'Y',64,'JHAJJAR',6),(197,'Admin','2021-04-09 22:31:44',NULL,NULL,'Y',65,'JIND',6),(198,'Admin','2021-04-09 22:31:44',NULL,NULL,'Y',66,'KAITHAL',6),(199,'Admin','2021-04-09 22:31:44',NULL,NULL,'Y',67,'KARNAL',6),(200,'Admin','2021-04-09 22:31:44',NULL,NULL,'Y',68,'KURUKSHETRA',6),(201,'Admin','2021-04-09 22:31:44',NULL,NULL,'Y',69,'MAHENDRAGARH',6),(202,'Admin','2021-04-09 22:31:44',NULL,NULL,'Y',604,'NUH',6),(203,'Admin','2021-04-09 22:31:44',NULL,NULL,'Y',619,'PALWAL',6),(204,'Admin','2021-04-09 22:31:44',NULL,NULL,'Y',70,'PANCHKULA',6),(205,'Admin','2021-04-09 22:31:44',NULL,NULL,'Y',71,'PANIPAT',6),(206,'Admin','2021-04-09 22:31:44',NULL,NULL,'Y',72,'REWARI',6),(207,'Admin','2021-04-09 22:31:44',NULL,NULL,'Y',73,'ROHTAK',6),(208,'Admin','2021-04-09 22:31:44',NULL,NULL,'Y',74,'SIRSA',6),(209,'Admin','2021-04-09 22:31:44',NULL,NULL,'Y',75,'SONIPAT',6),(210,'Admin','2021-04-09 22:31:44',NULL,NULL,'Y',76,'YAMUNANAGAR',6),(211,'Admin','2021-04-09 22:31:44',NULL,NULL,'Y',15,'BILASPUR',2),(212,'Admin','2021-04-09 22:31:44',NULL,NULL,'Y',16,'CHAMBA',2),(213,'Admin','2021-04-09 22:31:44',NULL,NULL,'Y',17,'HAMIRPUR',2),(214,'Admin','2021-04-09 22:31:44',NULL,NULL,'Y',18,'KANGRA',2),(215,'Admin','2021-04-09 22:31:44',NULL,NULL,'Y',19,'KINNAUR',2),(216,'Admin','2021-04-09 22:31:44',NULL,NULL,'Y',20,'KULLU',2),(217,'Admin','2021-04-09 22:31:44',NULL,NULL,'Y',21,'LAHUL AND SPITI',2),(218,'Admin','2021-04-09 22:31:44',NULL,NULL,'Y',22,'MANDI',2),(219,'Admin','2021-04-09 22:31:44',NULL,NULL,'Y',23,'SHIMLA',2),(220,'Admin','2021-04-09 22:31:44',NULL,NULL,'Y',24,'SIRMAUR',2),(221,'Admin','2021-04-09 22:31:44',NULL,NULL,'Y',25,'SOLAN',2),(222,'Admin','2021-04-09 22:31:44',NULL,NULL,'Y',26,'UNA',2),(223,'Admin','2021-04-09 22:31:44',NULL,NULL,'Y',1,'ANANTNAG',1),(224,'Admin','2021-04-09 22:31:44',NULL,NULL,'Y',623,'BANDIPORA',1),(225,'Admin','2021-04-09 22:31:44',NULL,NULL,'Y',3,'BARAMULLA',1),(226,'Admin','2021-04-09 22:31:44',NULL,NULL,'Y',2,'Budgam',1),(227,'Admin','2021-04-09 22:31:44',NULL,NULL,'Y',4,'DODA',1),(228,'Admin','2021-04-09 22:31:44',NULL,NULL,'Y',626,'GANDERBAL',1),(229,'Admin','2021-04-09 22:31:44',NULL,NULL,'Y',5,'JAMMU',1),(230,'Admin','2021-04-09 22:31:44',NULL,NULL,'Y',7,'KATHUA',1),(231,'Admin','2021-04-09 22:31:44',NULL,NULL,'Y',620,'KISHTWAR',1),(232,'Admin','2021-04-09 22:31:44',NULL,NULL,'Y',622,'KULGAM',1),(233,'Admin','2021-04-09 22:31:44',NULL,NULL,'Y',8,'KUPWARA',1),(234,'Admin','2021-04-09 22:31:44',NULL,NULL,'Y',10,'POONCH',1),(235,'Admin','2021-04-09 22:31:44',NULL,NULL,'Y',11,'PULWAMA',1),(236,'Admin','2021-04-09 22:31:44',NULL,NULL,'Y',558,'KASARAGOD',32),(237,'Admin','2021-04-09 22:31:44',NULL,NULL,'Y',12,'RAJOURI',1),(238,'Admin','2021-04-09 22:31:44',NULL,NULL,'Y',621,'RAMBAN',1),(239,'Admin','2021-04-09 22:31:44',NULL,NULL,'Y',627,'REASI',1),(240,'Admin','2021-04-09 22:31:44',NULL,NULL,'Y',624,'SAMBA',1),(241,'Admin','2021-04-09 22:31:44',NULL,NULL,'Y',625,'SHOPIAN',1),(242,'Admin','2021-04-09 22:31:44',NULL,NULL,'Y',13,'SRINAGAR',1),(243,'Admin','2021-04-09 22:31:44',NULL,NULL,'Y',14,'UDHAMPUR',1),(244,'Admin','2021-04-09 22:31:44',NULL,NULL,'Y',322,'BOKARO',20),(245,'Admin','2021-04-09 22:31:44',NULL,NULL,'Y',323,'CHATRA',20),(246,'Admin','2021-04-09 22:31:44',NULL,NULL,'Y',324,'DEOGHAR',20),(247,'Admin','2021-04-09 22:31:44',NULL,NULL,'Y',325,'DHANBAD',20),(248,'Admin','2021-04-09 22:31:44',NULL,NULL,'Y',326,'DUMKA',20),(249,'Admin','2021-04-09 22:31:44',NULL,NULL,'Y',327,'EAST SINGHBUM',20),(250,'Admin','2021-04-09 22:31:44',NULL,NULL,'Y',328,'GARHWA',20),(251,'Admin','2021-04-09 22:31:44',NULL,NULL,'Y',329,'GIRIDIH',20),(252,'Admin','2021-04-09 22:31:44',NULL,NULL,'Y',330,'GODDA',20),(253,'Admin','2021-04-09 22:31:44',NULL,NULL,'Y',331,'GUMLA',20),(254,'Admin','2021-04-09 22:31:44',NULL,NULL,'Y',332,'HAZARIBAGH',20),(255,'Admin','2021-04-09 22:31:44',NULL,NULL,'Y',333,'JAMTARA',20),(256,'Admin','2021-04-09 22:31:44',NULL,NULL,'Y',606,'KHUNTI',20),(257,'Admin','2021-04-09 22:31:44',NULL,NULL,'Y',334,'KODERMA',20),(258,'Admin','2021-04-09 22:31:44',NULL,NULL,'Y',335,'LATEHAR',20),(259,'Admin','2021-04-09 22:31:44',NULL,NULL,'Y',336,'LOHARDAGA',20),(260,'Admin','2021-04-09 22:31:44',NULL,NULL,'Y',337,'PAKUR',20),(261,'Admin','2021-04-09 22:31:44',NULL,NULL,'Y',338,'PALAMU',20),(262,'Admin','2021-04-09 22:31:44',NULL,NULL,'Y',607,'RAMGARH',20),(263,'Admin','2021-04-09 22:31:44',NULL,NULL,'Y',339,'RANCHI',20),(264,'Admin','2021-04-09 22:31:44',NULL,NULL,'Y',340,'SAHEBGANJ',20),(265,'Admin','2021-04-09 22:31:44',NULL,NULL,'Y',341,'SARAIKELA KHARSAWAN',20),(266,'Admin','2021-04-09 22:31:44',NULL,NULL,'Y',342,'SIMDEGA',20),(267,'Admin','2021-04-09 22:31:44',NULL,NULL,'Y',343,'WEST SINGHBHUM',20),(268,'Admin','2021-04-09 22:31:44',NULL,NULL,'Y',524,'BAGALKOTE',29),(269,'Admin','2021-04-09 22:31:44',NULL,NULL,'Y',528,'BALLARI',29),(270,'Admin','2021-04-09 22:31:44',NULL,NULL,'Y',527,'BELAGAVI',29),(271,'Admin','2021-04-09 22:31:44',NULL,NULL,'Y',526,'BENGALURU RURAL',29),(272,'Admin','2021-04-09 22:31:44',NULL,NULL,'Y',525,'BENGALURU URBAN',29),(273,'Admin','2021-04-09 22:31:44',NULL,NULL,'Y',529,'BIDAR',29),(274,'Admin','2021-04-09 22:31:44',NULL,NULL,'Y',531,'CHAMARAJANAGARA',29),(275,'Admin','2021-04-09 22:31:44',NULL,NULL,'Y',630,'CHIKKABALLAPURA',29),(276,'Admin','2021-04-09 22:31:44',NULL,NULL,'Y',532,'CHIKKAMAGALURU',29),(277,'Admin','2021-04-09 22:31:44',NULL,NULL,'Y',533,'CHITRADURGA',29),(278,'Admin','2021-04-09 22:31:44',NULL,NULL,'Y',534,'DAKSHINA KANNADA',29),(279,'Admin','2021-04-09 22:31:44',NULL,NULL,'Y',535,'DAVANGERE',29),(280,'Admin','2021-04-09 22:31:44',NULL,NULL,'Y',536,'DHARWAD',29),(281,'Admin','2021-04-09 22:31:44',NULL,NULL,'Y',537,'GADAG',29),(282,'Admin','2021-04-09 22:31:44',NULL,NULL,'Y',539,'HASSAN',29),(283,'Admin','2021-04-09 22:31:44',NULL,NULL,'Y',540,'HAVERI',29),(284,'Admin','2021-04-09 22:31:44',NULL,NULL,'Y',538,'KALABURAGI',29),(285,'Admin','2021-04-09 22:31:44',NULL,NULL,'Y',541,'KODAGU',29),(286,'Admin','2021-04-09 22:31:44',NULL,NULL,'Y',542,'KOLAR',29),(287,'Admin','2021-04-09 22:31:44',NULL,NULL,'Y',543,'KOPPAL',29),(288,'Admin','2021-04-09 22:31:44',NULL,NULL,'Y',544,'MANDYA',29),(289,'Admin','2021-04-09 22:31:44',NULL,NULL,'Y',545,'MYSURU',29),(290,'Admin','2021-04-09 22:31:44',NULL,NULL,'Y',546,'RAICHUR',29),(291,'Admin','2021-04-09 22:31:44',NULL,NULL,'Y',631,'RAMANAGARA',29),(292,'Admin','2021-04-09 22:31:44',NULL,NULL,'Y',547,'SHIVAMOGGA',29),(293,'Admin','2021-04-09 22:31:44',NULL,NULL,'Y',548,'TUMAKURU',29),(294,'Admin','2021-04-09 22:31:44',NULL,NULL,'Y',549,'UDUPI',29),(295,'Admin','2021-04-09 22:31:44',NULL,NULL,'Y',550,'UTTARA KANNADA',29),(296,'Admin','2021-04-09 22:31:44',NULL,NULL,'Y',530,'VIJAYAPURA',29),(297,'Admin','2021-04-09 22:31:44',NULL,NULL,'Y',635,'YADGIR',29),(298,'Admin','2021-04-09 22:31:44',NULL,NULL,'Y',554,'ALAPPUZHA',32),(299,'Admin','2021-04-09 22:31:44',NULL,NULL,'Y',555,'ERNAKULAM',32),(300,'Admin','2021-04-09 22:31:44',NULL,NULL,'Y',556,'IDUKKI',32),(301,'Admin','2021-04-09 22:31:44',NULL,NULL,'Y',559,'KOLLAM',32),(302,'Admin','2021-04-09 22:31:44',NULL,NULL,'Y',560,'KOTTAYAM',32),(303,'Admin','2021-04-09 22:31:44',NULL,NULL,'Y',561,'KOZHIKODE',32),(304,'Admin','2021-04-09 22:31:44',NULL,NULL,'Y',562,'MALAPPURAM',32),(305,'Admin','2021-04-09 22:31:44',NULL,NULL,'Y',563,'PALAKKAD',32),(306,'Admin','2021-04-09 22:31:44',NULL,NULL,'Y',564,'PATHANAMTHITTA',32),(307,'Admin','2021-04-09 22:31:44',NULL,NULL,'Y',565,'THIRUVANANTHAPURAM',32),(308,'Admin','2021-04-09 22:31:44',NULL,NULL,'Y',566,'THRISSUR',32),(309,'Admin','2021-04-09 22:31:44',NULL,NULL,'Y',567,'WAYANAD',32),(310,'Admin','2021-04-09 22:31:44',NULL,NULL,'Y',6,'KARGIL',37),(311,'Admin','2021-04-09 22:31:44',NULL,NULL,'Y',9,'LEH LADAKH',37),(312,'Admin','2021-04-09 22:31:44',NULL,NULL,'Y',553,'LAKSHADWEEP DISTRICT',31),(313,'Admin','2021-04-09 22:31:44',NULL,NULL,'Y',667,'AGAR MALWA',23),(314,'Admin','2021-04-09 22:31:44',NULL,NULL,'Y',639,'ALIRAJPUR',23),(315,'Admin','2021-04-09 22:31:44',NULL,NULL,'Y',390,'ANUPPUR',23),(316,'Admin','2021-04-09 22:31:44',NULL,NULL,'Y',391,'ASHOKNAGAR',23),(317,'Admin','2021-04-09 22:31:44',NULL,NULL,'Y',392,'BALAGHAT',23),(318,'Admin','2021-04-09 22:31:44',NULL,NULL,'Y',393,'BARWANI',23),(319,'Admin','2021-04-09 22:31:44',NULL,NULL,'Y',394,'BETUL',23),(320,'Admin','2021-04-09 22:31:44',NULL,NULL,'Y',395,'BHIND',23),(321,'Admin','2021-04-09 22:31:44',NULL,NULL,'Y',396,'BHOPAL',23),(322,'Admin','2021-04-09 22:31:44',NULL,NULL,'Y',397,'BURHANPUR',23),(323,'Admin','2021-04-09 22:31:44',NULL,NULL,'Y',398,'CHHATARPUR',23),(324,'Admin','2021-04-09 22:31:44',NULL,NULL,'Y',399,'CHHINDWARA',23),(325,'Admin','2021-04-09 22:31:44',NULL,NULL,'Y',400,'DAMOH',23),(326,'Admin','2021-04-09 22:31:44',NULL,NULL,'Y',401,'DATIA',23),(327,'Admin','2021-04-09 22:31:44',NULL,NULL,'Y',402,'DEWAS',23),(328,'Admin','2021-04-09 22:31:44',NULL,NULL,'Y',403,'DHAR',23),(329,'Admin','2021-04-09 22:31:44',NULL,NULL,'Y',404,'DINDORI',23),(330,'Admin','2021-04-09 22:31:44',NULL,NULL,'Y',405,'EAST NIMAR',23),(331,'Admin','2021-04-09 22:31:44',NULL,NULL,'Y',406,'GUNA',23),(332,'Admin','2021-04-09 22:31:44',NULL,NULL,'Y',407,'GWALIOR',23),(333,'Admin','2021-04-09 22:31:44',NULL,NULL,'Y',408,'HARDA',23),(334,'Admin','2021-04-09 22:31:44',NULL,NULL,'Y',409,'HOSHANGABAD',23),(335,'Admin','2021-04-09 22:31:44',NULL,NULL,'Y',410,'INDORE',23),(336,'Admin','2021-04-09 22:31:44',NULL,NULL,'Y',411,'JABALPUR',23),(337,'Admin','2021-04-09 22:31:44',NULL,NULL,'Y',412,'JHABUA',23),(338,'Admin','2021-04-09 22:31:44',NULL,NULL,'Y',413,'KATNI',23),(339,'Admin','2021-04-09 22:31:44',NULL,NULL,'Y',414,'KHARGONE',23),(340,'Admin','2021-04-09 22:31:44',NULL,NULL,'Y',415,'MANDLA',23),(341,'Admin','2021-04-09 22:31:44',NULL,NULL,'Y',416,'MANDSAUR',23),(342,'Admin','2021-04-09 22:31:44',NULL,NULL,'Y',417,'MORENA',23),(343,'Admin','2021-04-09 22:31:44',NULL,NULL,'Y',418,'NARSINGHPUR',23),(344,'Admin','2021-04-09 22:31:44',NULL,NULL,'Y',419,'NEEMUCH',23),(345,'Admin','2021-04-09 22:31:44',NULL,NULL,'Y',722,'Niwari',23),(346,'Admin','2021-04-09 22:31:44',NULL,NULL,'Y',420,'PANNA',23),(347,'Admin','2021-04-09 22:31:44',NULL,NULL,'Y',421,'RAISEN',23),(348,'Admin','2021-04-09 22:31:44',NULL,NULL,'Y',422,'RAJGARH',23),(349,'Admin','2021-04-09 22:31:44',NULL,NULL,'Y',423,'RATLAM',23),(350,'Admin','2021-04-09 22:31:44',NULL,NULL,'Y',424,'REWA',23),(351,'Admin','2021-04-09 22:31:44',NULL,NULL,'Y',425,'SAGAR',23),(352,'Admin','2021-04-09 22:31:44',NULL,NULL,'Y',426,'SATNA',23),(353,'Admin','2021-04-09 22:31:44',NULL,NULL,'Y',427,'SEHORE',23),(354,'Admin','2021-04-09 22:31:44',NULL,NULL,'Y',428,'SEONI',23),(355,'Admin','2021-04-09 22:31:44',NULL,NULL,'Y',429,'SHAHDOL',23),(356,'Admin','2021-04-09 22:31:44',NULL,NULL,'Y',430,'SHAJAPUR',23),(357,'Admin','2021-04-09 22:31:44',NULL,NULL,'Y',431,'SHEOPUR',23),(358,'Admin','2021-04-09 22:31:44',NULL,NULL,'Y',432,'SHIVPURI',23),(359,'Admin','2021-04-09 22:31:44',NULL,NULL,'Y',433,'SIDHI',23),(360,'Admin','2021-04-09 22:31:44',NULL,NULL,'Y',638,'SINGRAULI',23),(361,'Admin','2021-04-09 22:31:44',NULL,NULL,'Y',434,'TIKAMGARH',23),(362,'Admin','2021-04-09 22:31:44',NULL,NULL,'Y',435,'UJJAIN',23),(363,'Admin','2021-04-09 22:31:44',NULL,NULL,'Y',436,'UMARIA',23),(364,'Admin','2021-04-09 22:31:44',NULL,NULL,'Y',437,'VIDISHA',23),(365,'Admin','2021-04-09 22:31:44',NULL,NULL,'Y',466,'AHMEDNAGAR',27),(366,'Admin','2021-04-09 22:31:44',NULL,NULL,'Y',467,'AKOLA',27),(367,'Admin','2021-04-09 22:31:44',NULL,NULL,'Y',468,'AMRAVATI',27),(368,'Admin','2021-04-09 22:31:44',NULL,NULL,'Y',469,'AURANGABAD',27),(369,'Admin','2021-04-09 22:31:44',NULL,NULL,'Y',470,'BEED',27),(370,'Admin','2021-04-09 22:31:44',NULL,NULL,'Y',471,'BHANDARA',27),(371,'Admin','2021-04-09 22:31:44',NULL,NULL,'Y',472,'BULDHANA',27),(372,'Admin','2021-04-09 22:31:44',NULL,NULL,'Y',473,'CHANDRAPUR',27),(373,'Admin','2021-04-09 22:31:44',NULL,NULL,'Y',474,'DHULE',27),(374,'Admin','2021-04-09 22:31:44',NULL,NULL,'Y',475,'GADCHIROLI',27),(375,'Admin','2021-04-09 22:31:44',NULL,NULL,'Y',476,'GONDIA',27),(376,'Admin','2021-04-09 22:31:44',NULL,NULL,'Y',477,'HINGOLI',27),(377,'Admin','2021-04-09 22:31:44',NULL,NULL,'Y',478,'JALGAON',27),(378,'Admin','2021-04-09 22:31:44',NULL,NULL,'Y',479,'JALNA',27),(379,'Admin','2021-04-09 22:31:44',NULL,NULL,'Y',480,'KOLHAPUR',27),(380,'Admin','2021-04-09 22:31:44',NULL,NULL,'Y',481,'LATUR',27),(381,'Admin','2021-04-09 22:31:44',NULL,NULL,'Y',482,'MUMBAI',27),(382,'Admin','2021-04-09 22:31:44',NULL,NULL,'Y',483,'MUMBAI SUBURBAN',27),(383,'Admin','2021-04-09 22:31:44',NULL,NULL,'Y',484,'NAGPUR',27),(384,'Admin','2021-04-09 22:31:44',NULL,NULL,'Y',485,'NANDED',27),(385,'Admin','2021-04-09 22:31:44',NULL,NULL,'Y',486,'NANDURBAR',27),(386,'Admin','2021-04-09 22:31:44',NULL,NULL,'Y',487,'NASHIK',27),(387,'Admin','2021-04-09 22:31:44',NULL,NULL,'Y',488,'OSMANABAD',27),(388,'Admin','2021-04-09 22:31:44',NULL,NULL,'Y',665,'PALGHAR',27),(389,'Admin','2021-04-09 22:31:44',NULL,NULL,'Y',489,'PARBHANI',27),(390,'Admin','2021-04-09 22:31:44',NULL,NULL,'Y',490,'PUNE',27),(391,'Admin','2021-04-09 22:31:44',NULL,NULL,'Y',491,'RAIGAD',27),(392,'Admin','2021-04-09 22:31:44',NULL,NULL,'Y',492,'RATNAGIRI',27),(393,'Admin','2021-04-09 22:31:44',NULL,NULL,'Y',493,'SANGLI',27),(394,'Admin','2021-04-09 22:31:44',NULL,NULL,'Y',494,'SATARA',27),(395,'Admin','2021-04-09 22:31:44',NULL,NULL,'Y',495,'SINDHUDURG',27),(396,'Admin','2021-04-09 22:31:44',NULL,NULL,'Y',496,'SOLAPUR',27),(397,'Admin','2021-04-09 22:31:44',NULL,NULL,'Y',497,'THANE',27),(398,'Admin','2021-04-09 22:31:44',NULL,NULL,'Y',498,'WARDHA',27),(399,'Admin','2021-04-09 22:31:44',NULL,NULL,'Y',499,'WASHIM',27),(400,'Admin','2021-04-09 22:31:44',NULL,NULL,'Y',500,'YAVATMAL',27),(401,'Admin','2021-04-09 22:31:44',NULL,NULL,'Y',252,'BISHNUPUR',14),(402,'Admin','2021-04-09 22:31:44',NULL,NULL,'Y',253,'CHANDEL',14),(403,'Admin','2021-04-09 22:31:44',NULL,NULL,'Y',254,'CHURACHANDPUR',14),(404,'Admin','2021-04-09 22:31:44',NULL,NULL,'Y',255,'IMPHAL EAST',14),(405,'Admin','2021-04-09 22:31:44',NULL,NULL,'Y',256,'IMPHAL WEST',14),(406,'Admin','2021-04-09 22:31:44',NULL,NULL,'Y',713,'JIRIBAM',14),(407,'Admin','2021-04-09 22:31:44',NULL,NULL,'Y',711,'KAKCHING',14),(408,'Admin','2021-04-09 22:31:44',NULL,NULL,'Y',717,'KAMJONG',14),(409,'Admin','2021-04-09 22:31:44',NULL,NULL,'Y',712,'KANGPOKPI',14),(410,'Admin','2021-04-09 22:31:44',NULL,NULL,'Y',714,'NONEY',14),(411,'Admin','2021-04-09 22:31:44',NULL,NULL,'Y',715,'PHERZAWL',14),(412,'Admin','2021-04-09 22:31:44',NULL,NULL,'Y',257,'SENAPATI',14),(413,'Admin','2021-04-09 22:31:44',NULL,NULL,'Y',258,'TAMENGLONG',14),(414,'Admin','2021-04-09 22:31:44',NULL,NULL,'Y',716,'TENGNOUPAL',14),(415,'Admin','2021-04-09 22:31:44',NULL,NULL,'Y',259,'THOUBAL',14),(416,'Admin','2021-04-09 22:31:44',NULL,NULL,'Y',260,'UKHRUL',14),(417,'Admin','2021-04-09 22:31:44',NULL,NULL,'Y',273,'EAST GARO HILLS',17),(418,'Admin','2021-04-09 22:31:44',NULL,NULL,'Y',657,'EAST JAINTIA HILLS',17),(419,'Admin','2021-04-09 22:31:44',NULL,NULL,'Y',274,'EAST KHASI HILLS',17),(420,'Admin','2021-04-09 22:31:44',NULL,NULL,'Y',656,'NORTH GARO HILLS',17),(421,'Admin','2021-04-09 22:31:44',NULL,NULL,'Y',276,'RI BHOI',17),(422,'Admin','2021-04-09 22:31:44',NULL,NULL,'Y',277,'SOUTH GARO HILLS',17),(423,'Admin','2021-04-09 22:31:44',NULL,NULL,'Y',663,'SOUTH WEST GARO HILLS',17),(424,'Admin','2021-04-09 22:31:44',NULL,NULL,'Y',658,'SOUTH WEST KHASI HILLS',17),(425,'Admin','2021-04-09 22:31:44',NULL,NULL,'Y',278,'WEST GARO HILLS',17),(426,'Admin','2021-04-09 22:31:44',NULL,NULL,'Y',275,'WEST JAINTIA HILLS',17),(427,'Admin','2021-04-09 22:31:44',NULL,NULL,'Y',279,'WEST KHASI HILLS',17),(428,'Admin','2021-04-09 22:31:44',NULL,NULL,'Y',261,'AIZAWL',15),(429,'Admin','2021-04-09 22:31:44',NULL,NULL,'Y',32,'GURDASPUR',3),(430,'Admin','2021-04-09 22:31:44',NULL,NULL,'Y',262,'CHAMPHAI',15),(431,'Admin','2021-04-09 22:31:44',NULL,NULL,'Y',726,'Hnahthial',15),(432,'Admin','2021-04-09 22:31:44',NULL,NULL,'Y',728,'KHAWZAWL',15),(433,'Admin','2021-04-09 22:31:44',NULL,NULL,'Y',263,'KOLASIB',15),(434,'Admin','2021-04-09 22:31:44',NULL,NULL,'Y',264,'LAWNGTLAI',15),(435,'Admin','2021-04-09 22:31:44',NULL,NULL,'Y',265,'LUNGLEI',15),(436,'Admin','2021-04-09 22:31:44',NULL,NULL,'Y',266,'MAMIT',15),(437,'Admin','2021-04-09 22:31:44',NULL,NULL,'Y',267,'SAIHA',15),(438,'Admin','2021-04-09 22:31:44',NULL,NULL,'Y',727,'SAITUAL',15),(439,'Admin','2021-04-09 22:31:44',NULL,NULL,'Y',268,'SERCHHIP',15),(440,'Admin','2021-04-09 22:31:44',NULL,NULL,'Y',244,'DIMAPUR',13),(441,'Admin','2021-04-09 22:31:44',NULL,NULL,'Y',614,'KIPHIRE',13),(442,'Admin','2021-04-09 22:31:44',NULL,NULL,'Y',245,'KOHIMA',13),(443,'Admin','2021-04-09 22:31:44',NULL,NULL,'Y',615,'LONGLENG',13),(444,'Admin','2021-04-09 22:31:44',NULL,NULL,'Y',246,'MOKOKCHUNG',13),(445,'Admin','2021-04-09 22:31:44',NULL,NULL,'Y',247,'MON',13),(446,'Admin','2021-04-09 22:31:44',NULL,NULL,'Y',736,'Noklak',13),(447,'Admin','2021-04-09 22:31:44',NULL,NULL,'Y',613,'PEREN',13),(448,'Admin','2021-04-09 22:31:44',NULL,NULL,'Y',248,'PHEK',13),(449,'Admin','2021-04-09 22:31:44',NULL,NULL,'Y',249,'TUENSANG',13),(450,'Admin','2021-04-09 22:31:44',NULL,NULL,'Y',250,'WOKHA',13),(451,'Admin','2021-04-09 22:31:44',NULL,NULL,'Y',251,'ZUNHEBOTO',13),(452,'Admin','2021-04-09 22:31:44',NULL,NULL,'Y',344,'ANUGUL',21),(453,'Admin','2021-04-09 22:31:44',NULL,NULL,'Y',345,'BALANGIR',21),(454,'Admin','2021-04-09 22:31:44',NULL,NULL,'Y',346,'BALESHWAR',21),(455,'Admin','2021-04-09 22:31:44',NULL,NULL,'Y',347,'BARGARH',21),(456,'Admin','2021-04-09 22:31:44',NULL,NULL,'Y',348,'BHADRAK',21),(457,'Admin','2021-04-09 22:31:44',NULL,NULL,'Y',349,'BOUDH',21),(458,'Admin','2021-04-09 22:31:44',NULL,NULL,'Y',350,'CUTTACK',21),(459,'Admin','2021-04-09 22:31:44',NULL,NULL,'Y',351,'DEOGARH',21),(460,'Admin','2021-04-09 22:31:44',NULL,NULL,'Y',352,'DHENKANAL',21),(461,'Admin','2021-04-09 22:31:44',NULL,NULL,'Y',353,'GAJAPATI',21),(462,'Admin','2021-04-09 22:31:44',NULL,NULL,'Y',354,'GANJAM',21),(463,'Admin','2021-04-09 22:31:44',NULL,NULL,'Y',355,'JAGATSINGHAPUR',21),(464,'Admin','2021-04-09 22:31:44',NULL,NULL,'Y',356,'JAJAPUR',21),(465,'Admin','2021-04-09 22:31:44',NULL,NULL,'Y',357,'JHARSUGUDA',21),(466,'Admin','2021-04-09 22:31:44',NULL,NULL,'Y',358,'KALAHANDI',21),(467,'Admin','2021-04-09 22:31:44',NULL,NULL,'Y',359,'KANDHAMAL',21),(468,'Admin','2021-04-09 22:31:44',NULL,NULL,'Y',360,'KENDRAPARA',21),(469,'Admin','2021-04-09 22:31:44',NULL,NULL,'Y',361,'KENDUJHAR',21),(470,'Admin','2021-04-09 22:31:44',NULL,NULL,'Y',362,'KHORDHA',21),(471,'Admin','2021-04-09 22:31:44',NULL,NULL,'Y',363,'KORAPUT',21),(472,'Admin','2021-04-09 22:31:44',NULL,NULL,'Y',364,'MALKANGIRI',21),(473,'Admin','2021-04-09 22:31:44',NULL,NULL,'Y',365,'MAYURBHANJ',21),(474,'Admin','2021-04-09 22:31:44',NULL,NULL,'Y',366,'NABARANGPUR',21),(475,'Admin','2021-04-09 22:31:44',NULL,NULL,'Y',367,'NAYAGARH',21),(476,'Admin','2021-04-09 22:31:44',NULL,NULL,'Y',368,'NUAPADA',21),(477,'Admin','2021-04-09 22:31:44',NULL,NULL,'Y',369,'PURI',21),(478,'Admin','2021-04-09 22:31:44',NULL,NULL,'Y',370,'RAYAGADA',21),(479,'Admin','2021-04-09 22:31:44',NULL,NULL,'Y',371,'SAMBALPUR',21),(480,'Admin','2021-04-09 22:31:44',NULL,NULL,'Y',372,'SONEPUR',21),(481,'Admin','2021-04-09 22:31:44',NULL,NULL,'Y',373,'SUNDARGARH',21),(482,'Admin','2021-04-09 22:31:44',NULL,NULL,'Y',598,'KARAIKAL',34),(483,'Admin','2021-04-09 22:31:44',NULL,NULL,'Y',599,'MAHE',34),(484,'Admin','2021-04-09 22:31:44',NULL,NULL,'Y',600,'PONDICHERRY',34),(485,'Admin','2021-04-09 22:31:44',NULL,NULL,'Y',601,'YANAM',34),(486,'Admin','2021-04-09 22:31:44',NULL,NULL,'Y',27,'AMRITSAR',3),(487,'Admin','2021-04-09 22:31:44',NULL,NULL,'Y',605,'BARNALA',3),(488,'Admin','2021-04-09 22:31:44',NULL,NULL,'Y',28,'BATHINDA',3),(489,'Admin','2021-04-09 22:31:44',NULL,NULL,'Y',29,'FARIDKOT',3),(490,'Admin','2021-04-09 22:31:44',NULL,NULL,'Y',30,'FATEHGARH SAHIB',3),(491,'Admin','2021-04-09 22:31:44',NULL,NULL,'Y',651,'FAZILKA',3),(492,'Admin','2021-04-09 22:31:44',NULL,NULL,'Y',31,'FIROZEPUR',3),(493,'Admin','2021-04-09 22:31:44',NULL,NULL,'Y',33,'HOSHIARPUR',3),(494,'Admin','2021-04-09 22:31:44',NULL,NULL,'Y',34,'JALANDHAR',3),(495,'Admin','2021-04-09 22:31:44',NULL,NULL,'Y',35,'KAPURTHALA',3),(496,'Admin','2021-04-09 22:31:44',NULL,NULL,'Y',36,'LUDHIANA',3),(497,'Admin','2021-04-09 22:31:44',NULL,NULL,'Y',37,'MANSA',3),(498,'Admin','2021-04-09 22:31:44',NULL,NULL,'Y',38,'MOGA',3),(499,'Admin','2021-04-09 22:31:44',NULL,NULL,'Y',662,'PATHANKOT',3),(500,'Admin','2021-04-09 22:31:44',NULL,NULL,'Y',41,'PATIALA',3),(501,'Admin','2021-04-09 22:31:44',NULL,NULL,'Y',42,'RUPNAGAR',3),(502,'Admin','2021-04-09 22:31:44',NULL,NULL,'Y',43,'SANGRUR',3),(503,'Admin','2021-04-09 22:31:44',NULL,NULL,'Y',608,'S.A.S Nagar',3),(504,'Admin','2021-04-09 22:31:44',NULL,NULL,'Y',40,'Shahid Bhagat Singh Nagar',3),(505,'Admin','2021-04-09 22:31:44',NULL,NULL,'Y',39,'SRI MUKTSAR SAHIB',3),(506,'Admin','2021-04-09 22:31:44',NULL,NULL,'Y',609,'Tarn Taran',3),(507,'Admin','2021-04-09 22:31:44',NULL,NULL,'Y',86,'AJMER',8),(508,'Admin','2021-04-09 22:31:44',NULL,NULL,'Y',87,'ALWAR',8),(509,'Admin','2021-04-09 22:31:44',NULL,NULL,'Y',88,'BANSWARA',8),(510,'Admin','2021-04-09 22:31:44',NULL,NULL,'Y',89,'BARAN',8),(511,'Admin','2021-04-09 22:31:44',NULL,NULL,'Y',90,'BARMER',8),(512,'Admin','2021-04-09 22:31:44',NULL,NULL,'Y',91,'BHARATPUR',8),(513,'Admin','2021-04-09 22:31:44',NULL,NULL,'Y',92,'BHILWARA',8),(514,'Admin','2021-04-09 22:31:44',NULL,NULL,'Y',93,'BIKANER',8),(515,'Admin','2021-04-09 22:31:44',NULL,NULL,'Y',94,'BUNDI',8),(516,'Admin','2021-04-09 22:31:44',NULL,NULL,'Y',95,'CHITTORGARH',8),(517,'Admin','2021-04-09 22:31:44',NULL,NULL,'Y',96,'CHURU',8),(518,'Admin','2021-04-09 22:31:44',NULL,NULL,'Y',97,'DAUSA',8),(519,'Admin','2021-04-09 22:31:44',NULL,NULL,'Y',98,'DHOLPUR',8),(520,'Admin','2021-04-09 22:31:44',NULL,NULL,'Y',99,'DUNGARPUR',8),(521,'Admin','2021-04-09 22:31:44',NULL,NULL,'Y',100,'GANGANAGAR',8),(522,'Admin','2021-04-09 22:31:44',NULL,NULL,'Y',101,'HANUMANGARH',8),(523,'Admin','2021-04-09 22:31:44',NULL,NULL,'Y',102,'JAIPUR',8),(524,'Admin','2021-04-09 22:31:44',NULL,NULL,'Y',103,'JAISALMER',8),(525,'Admin','2021-04-09 22:31:44',NULL,NULL,'Y',104,'JALORE',8),(526,'Admin','2021-04-09 22:31:44',NULL,NULL,'Y',105,'JHALAWAR',8),(527,'Admin','2021-04-09 22:31:44',NULL,NULL,'Y',106,'JHUNJHUNU',8),(528,'Admin','2021-04-09 22:31:44',NULL,NULL,'Y',107,'JODHPUR',8),(529,'Admin','2021-04-09 22:31:44',NULL,NULL,'Y',108,'KARAULI',8),(530,'Admin','2021-04-09 22:31:44',NULL,NULL,'Y',109,'KOTA',8),(531,'Admin','2021-04-09 22:31:44',NULL,NULL,'Y',110,'NAGAUR',8),(532,'Admin','2021-04-09 22:31:44',NULL,NULL,'Y',111,'PALI',8),(533,'Admin','2021-04-09 22:31:44',NULL,NULL,'Y',629,'PRATAPGARH',8),(534,'Admin','2021-04-09 22:31:44',NULL,NULL,'Y',112,'RAJSAMAND',8),(535,'Admin','2021-04-09 22:31:44',NULL,NULL,'Y',113,'SAWAI MADHOPUR',8),(536,'Admin','2021-04-09 22:31:44',NULL,NULL,'Y',114,'SIKAR',8),(537,'Admin','2021-04-09 22:31:44',NULL,NULL,'Y',115,'SIROHI',8),(538,'Admin','2021-04-09 22:31:44',NULL,NULL,'Y',116,'TONK',8),(539,'Admin','2021-04-09 22:31:44',NULL,NULL,'Y',117,'UDAIPUR',8),(540,'Admin','2021-04-09 22:31:44',NULL,NULL,'Y',225,'EAST DISTRICT',11),(541,'Admin','2021-04-09 22:31:44',NULL,NULL,'Y',226,'NORTH DISTRICT',11),(542,'Admin','2021-04-09 22:31:44',NULL,NULL,'Y',227,'SOUTH DISTRICT',11),(543,'Admin','2021-04-09 22:31:44',NULL,NULL,'Y',228,'WEST DISTRICT',11),(544,'Admin','2021-04-09 22:31:44',NULL,NULL,'Y',610,'Ariyalur',33),(545,'Admin','2021-04-09 22:31:44',NULL,NULL,'Y',730,'CHENGALPATTU',33),(546,'Admin','2021-04-09 22:31:44',NULL,NULL,'Y',568,'CHENNAI',33),(547,'Admin','2021-04-09 22:31:44',NULL,NULL,'Y',569,'COIMBATORE',33),(548,'Admin','2021-04-09 22:31:44',NULL,NULL,'Y',570,'CUDDALORE',33),(549,'Admin','2021-04-09 22:31:44',NULL,NULL,'Y',571,'DHARMAPURI',33),(550,'Admin','2021-04-09 22:31:44',NULL,NULL,'Y',572,'DINDIGUL',33),(551,'Admin','2021-04-09 22:31:44',NULL,NULL,'Y',573,'ERODE',33),(552,'Admin','2021-04-09 22:31:44',NULL,NULL,'Y',123,'AZAMGARH',9),(553,'Admin','2021-04-09 22:31:44',NULL,NULL,'Y',729,'KALLAKURICHI',33),(554,'Admin','2021-04-09 22:31:44',NULL,NULL,'Y',574,'KANCHIPURAM',33),(555,'Admin','2021-04-09 22:31:44',NULL,NULL,'Y',575,'KANNIYAKUMARI',33),(556,'Admin','2021-04-09 22:31:44',NULL,NULL,'Y',576,'KARUR',33),(557,'Admin','2021-04-09 22:31:44',NULL,NULL,'Y',577,'KRISHNAGIRI',33),(558,'Admin','2021-04-09 22:31:44',NULL,NULL,'Y',578,'MADURAI',33),(559,'Admin','2021-04-09 22:31:44',NULL,NULL,'Y',735,'Mayiladuthurai',33),(560,'Admin','2021-04-09 22:31:44',NULL,NULL,'Y',579,'NAGAPATTINAM',33),(561,'Admin','2021-04-09 22:31:44',NULL,NULL,'Y',580,'NAMAKKAL',33),(562,'Admin','2021-04-09 22:31:44',NULL,NULL,'Y',581,'PERAMBALUR',33),(563,'Admin','2021-04-09 22:31:44',NULL,NULL,'Y',582,'PUDUKKOTTAI',33),(564,'Admin','2021-04-09 22:31:44',NULL,NULL,'Y',583,'RAMANATHAPURAM',33),(565,'Admin','2021-04-09 22:31:44',NULL,NULL,'Y',731,'Ranipet',33),(566,'Admin','2021-04-09 22:31:44',NULL,NULL,'Y',584,'SALEM',33),(567,'Admin','2021-04-09 22:31:44',NULL,NULL,'Y',585,'SIVAGANGA',33),(568,'Admin','2021-04-09 22:31:44',NULL,NULL,'Y',733,'TENKASI',33),(569,'Admin','2021-04-09 22:31:44',NULL,NULL,'Y',586,'THANJAVUR',33),(570,'Admin','2021-04-09 22:31:44',NULL,NULL,'Y',588,'THENI',33),(571,'Admin','2021-04-09 22:31:44',NULL,NULL,'Y',587,'THE NILGIRIS',33),(572,'Admin','2021-04-09 22:31:44',NULL,NULL,'Y',589,'THIRUVALLUR',33),(573,'Admin','2021-04-09 22:31:44',NULL,NULL,'Y',590,'THIRUVARUR',33),(574,'Admin','2021-04-09 22:31:44',NULL,NULL,'Y',591,'TIRUCHIRAPPALLI',33),(575,'Admin','2021-04-09 22:31:44',NULL,NULL,'Y',592,'TIRUNELVELI',33),(576,'Admin','2021-04-09 22:31:44',NULL,NULL,'Y',732,'Tirupathur',33),(577,'Admin','2021-04-09 22:31:44',NULL,NULL,'Y',634,'TIRUPPUR',33),(578,'Admin','2021-04-09 22:31:44',NULL,NULL,'Y',593,'TIRUVANNAMALAI',33),(579,'Admin','2021-04-09 22:31:44',NULL,NULL,'Y',594,'TUTICORIN',33),(580,'Admin','2021-04-09 22:31:44',NULL,NULL,'Y',595,'VELLORE',33),(581,'Admin','2021-04-09 22:31:44',NULL,NULL,'Y',596,'VILLUPURAM',33),(582,'Admin','2021-04-09 22:31:44',NULL,NULL,'Y',597,'VIRUDHUNAGAR',33),(583,'Admin','2021-04-09 22:31:44',NULL,NULL,'Y',501,'ADILABAD',36),(584,'Admin','2021-04-09 22:31:44',NULL,NULL,'Y',690,'BHADRADRI KOTHAGUDEM',36),(585,'Admin','2021-04-09 22:31:44',NULL,NULL,'Y',507,'HYDERABAD',36),(586,'Admin','2021-04-09 22:31:44',NULL,NULL,'Y',681,'Jagitial',36),(587,'Admin','2021-04-09 22:31:44',NULL,NULL,'Y',689,'JANGOAN',36),(588,'Admin','2021-04-09 22:31:44',NULL,NULL,'Y',687,'JAYASHANKAR BHUPALAPALLY',36),(589,'Admin','2021-04-09 22:31:44',NULL,NULL,'Y',695,'JOGULAMBA GADWAL',36),(590,'Admin','2021-04-09 22:31:44',NULL,NULL,'Y',685,'KAMAREDDY',36),(591,'Admin','2021-04-09 22:31:44',NULL,NULL,'Y',508,'KARIMNAGAR',36),(592,'Admin','2021-04-09 22:31:44',NULL,NULL,'Y',509,'KHAMMAM',36),(593,'Admin','2021-04-09 22:31:44',NULL,NULL,'Y',699,'KUMURAM BHEEM ASIFABAD',36),(594,'Admin','2021-04-09 22:31:44',NULL,NULL,'Y',688,'MAHABUBABAD',36),(595,'Admin','2021-04-09 22:31:44',NULL,NULL,'Y',512,'MAHABUBNAGAR',36),(596,'Admin','2021-04-09 22:31:44',NULL,NULL,'Y',684,'MANCHERIAL',36),(597,'Admin','2021-04-09 22:31:44',NULL,NULL,'Y',513,'MEDAK',36),(598,'Admin','2021-04-09 22:31:44',NULL,NULL,'Y',700,'MEDCHAL MALKAJGIRI',36),(599,'Admin','2021-04-09 22:31:44',NULL,NULL,'Y',124,'BAGHPAT',9),(600,'Admin','2021-04-09 22:31:44',NULL,NULL,'Y',720,'Mulugu',36),(601,'Admin','2021-04-09 22:31:44',NULL,NULL,'Y',694,'NAGARKURNOOL',36),(602,'Admin','2021-04-09 22:31:44',NULL,NULL,'Y',514,'NALGONDA',36),(603,'Admin','2021-04-09 22:31:44',NULL,NULL,'Y',721,'Narayanpet',36),(604,'Admin','2021-04-09 22:31:44',NULL,NULL,'Y',680,'Nirmal',36),(605,'Admin','2021-04-09 22:31:44',NULL,NULL,'Y',516,'NIZAMABAD',36),(606,'Admin','2021-04-09 22:31:44',NULL,NULL,'Y',682,'PEDDAPALLI',36),(607,'Admin','2021-04-09 22:31:44',NULL,NULL,'Y',683,'RAJANNA SIRCILLA',36),(608,'Admin','2021-04-09 22:31:44',NULL,NULL,'Y',518,'RANGA REDDY',36),(609,'Admin','2021-04-09 22:31:44',NULL,NULL,'Y',691,'SANGAREDDY',36),(610,'Admin','2021-04-09 22:31:44',NULL,NULL,'Y',692,'SIDDIPET',36),(611,'Admin','2021-04-09 22:31:44',NULL,NULL,'Y',696,'SURYAPET',36),(612,'Admin','2021-04-09 22:31:44',NULL,NULL,'Y',698,'VIKARABAD',36),(613,'Admin','2021-04-09 22:31:44',NULL,NULL,'Y',693,'WANAPARTHY',36),(614,'Admin','2021-04-09 22:31:44',NULL,NULL,'Y',522,'WARANGAL RURAL',36),(615,'Admin','2021-04-09 22:31:44',NULL,NULL,'Y',686,'WARANGAL URBAN',36),(616,'Admin','2021-04-09 22:31:44',NULL,NULL,'Y',697,'YADADRI BHUVANAGIRI',36),(617,'Admin','2021-04-09 22:31:44',NULL,NULL,'Y',465,'DADRA AND NAGAR HAVELI',38),(618,'Admin','2021-04-09 22:31:44',NULL,NULL,'Y',463,'DAMAN',38),(619,'Admin','2021-04-09 22:31:44',NULL,NULL,'Y',464,'DIU',38),(620,'Admin','2021-04-09 22:31:44',NULL,NULL,'Y',269,'Dhalai',16),(621,'Admin','2021-04-09 22:31:44',NULL,NULL,'Y',654,'Gomati',16),(622,'Admin','2021-04-09 22:31:44',NULL,NULL,'Y',652,'Khowai',16),(623,'Admin','2021-04-09 22:31:44',NULL,NULL,'Y',270,'North Tripura',16),(624,'Admin','2021-04-09 22:31:44',NULL,NULL,'Y',653,'Sepahijala',16),(625,'Admin','2021-04-09 22:31:44',NULL,NULL,'Y',271,'South Tripura',16),(626,'Admin','2021-04-09 22:31:44',NULL,NULL,'Y',655,'Unakoti',16),(627,'Admin','2021-04-09 22:31:44',NULL,NULL,'Y',272,'West Tripura',16),(628,'Admin','2021-04-09 22:31:44',NULL,NULL,'Y',45,'ALMORA',5),(629,'Admin','2021-04-09 22:31:44',NULL,NULL,'Y',46,'BAGESHWAR',5),(630,'Admin','2021-04-09 22:31:44',NULL,NULL,'Y',47,'CHAMOLI',5),(631,'Admin','2021-04-09 22:31:44',NULL,NULL,'Y',48,'CHAMPAWAT',5),(632,'Admin','2021-04-09 22:31:44',NULL,NULL,'Y',49,'DEHRADUN',5),(633,'Admin','2021-04-09 22:31:44',NULL,NULL,'Y',50,'HARIDWAR',5),(634,'Admin','2021-04-09 22:31:44',NULL,NULL,'Y',51,'NAINITAL',5),(635,'Admin','2021-04-09 22:31:44',NULL,NULL,'Y',52,'PAURI GARHWAL',5),(636,'Admin','2021-04-09 22:31:44',NULL,NULL,'Y',53,'PITHORAGARH',5),(637,'Admin','2021-04-09 22:31:44',NULL,NULL,'Y',54,'RUDRA PRAYAG',5),(638,'Admin','2021-04-09 22:31:44',NULL,NULL,'Y',55,'TEHRI GARHWAL',5),(639,'Admin','2021-04-09 22:31:44',NULL,NULL,'Y',56,'UDAM SINGH NAGAR',5),(640,'Admin','2021-04-09 22:31:44',NULL,NULL,'Y',57,'UTTAR KASHI',5),(641,'Admin','2021-04-09 22:31:44',NULL,NULL,'Y',118,'AGRA',9),(642,'Admin','2021-04-09 22:31:44',NULL,NULL,'Y',119,'ALIGARH',9),(643,'Admin','2021-04-09 22:31:44',NULL,NULL,'Y',121,'AMBEDKAR NAGAR',9),(644,'Admin','2021-04-09 22:31:44',NULL,NULL,'Y',640,'Amethi',9),(645,'Admin','2021-04-09 22:31:44',NULL,NULL,'Y',154,'AMROHA',9),(646,'Admin','2021-04-09 22:31:44',NULL,NULL,'Y',122,'AURAIYA',9),(647,'Admin','2021-04-09 22:31:44',NULL,NULL,'Y',140,'AYODHYA',9),(648,'Admin','2021-04-09 22:31:44',NULL,NULL,'Y',125,'BAHRAICH',9),(649,'Admin','2021-04-09 22:31:44',NULL,NULL,'Y',126,'BALLIA',9),(650,'Admin','2021-04-09 22:31:44',NULL,NULL,'Y',127,'BALRAMPUR',9),(651,'Admin','2021-04-09 22:31:44',NULL,NULL,'Y',128,'BANDA',9),(652,'Admin','2021-04-09 22:31:44',NULL,NULL,'Y',129,'BARABANKI',9),(653,'Admin','2021-04-09 22:31:44',NULL,NULL,'Y',130,'BAREILLY',9),(654,'Admin','2021-04-09 22:31:44',NULL,NULL,'Y',131,'BASTI',9),(655,'Admin','2021-04-09 22:31:44',NULL,NULL,'Y',179,'BHADOHI',9),(656,'Admin','2021-04-09 22:31:44',NULL,NULL,'Y',132,'BIJNOR',9),(657,'Admin','2021-04-09 22:31:44',NULL,NULL,'Y',133,'BUDAUN',9),(658,'Admin','2021-04-09 22:31:44',NULL,NULL,'Y',134,'BULANDSHAHR',9),(659,'Admin','2021-04-09 22:31:44',NULL,NULL,'Y',135,'CHANDAULI',9),(660,'Admin','2021-04-09 22:31:44',NULL,NULL,'Y',136,'CHITRAKOOT',9),(661,'Admin','2021-04-09 22:31:44',NULL,NULL,'Y',137,'DEORIA',9),(662,'Admin','2021-04-09 22:31:44',NULL,NULL,'Y',138,'ETAH',9),(663,'Admin','2021-04-09 22:31:44',NULL,NULL,'Y',139,'ETAWAH',9),(664,'Admin','2021-04-09 22:31:44',NULL,NULL,'Y',141,'FARRUKHABAD',9),(665,'Admin','2021-04-09 22:31:44',NULL,NULL,'Y',142,'FATEHPUR',9),(666,'Admin','2021-04-09 22:31:44',NULL,NULL,'Y',143,'FIROZABAD',9),(667,'Admin','2021-04-09 22:31:44',NULL,NULL,'Y',144,'GAUTAM BUDDHA NAGAR',9),(668,'Admin','2021-04-09 22:31:44',NULL,NULL,'Y',145,'GHAZIABAD',9),(669,'Admin','2021-04-09 22:31:44',NULL,NULL,'Y',146,'GHAZIPUR',9),(670,'Admin','2021-04-09 22:31:44',NULL,NULL,'Y',147,'GONDA',9),(671,'Admin','2021-04-09 22:31:44',NULL,NULL,'Y',148,'GORAKHPUR',9),(672,'Admin','2021-04-09 22:31:44',NULL,NULL,'Y',149,'HAMIRPUR',9),(673,'Admin','2021-04-09 22:31:44',NULL,NULL,'Y',661,'HAPUR',9),(674,'Admin','2021-04-09 22:31:44',NULL,NULL,'Y',150,'HARDOI',9),(675,'Admin','2021-04-09 22:31:44',NULL,NULL,'Y',163,'HATHRAS',9),(676,'Admin','2021-04-09 22:31:44',NULL,NULL,'Y',151,'JALAUN',9),(677,'Admin','2021-04-09 22:31:44',NULL,NULL,'Y',152,'JAUNPUR',9),(678,'Admin','2021-04-09 22:31:44',NULL,NULL,'Y',153,'JHANSI',9),(679,'Admin','2021-04-09 22:31:44',NULL,NULL,'Y',155,'KANNAUJ',9),(680,'Admin','2021-04-09 22:31:44',NULL,NULL,'Y',156,'KANPUR DEHAT',9),(681,'Admin','2021-04-09 22:31:44',NULL,NULL,'Y',157,'KANPUR NAGAR',9),(682,'Admin','2021-04-09 22:31:44',NULL,NULL,'Y',633,'Kasganj',9),(683,'Admin','2021-04-09 22:31:44',NULL,NULL,'Y',158,'KAUSHAMBI',9),(684,'Admin','2021-04-09 22:31:44',NULL,NULL,'Y',159,'KHERI',9),(685,'Admin','2021-04-09 22:31:44',NULL,NULL,'Y',160,'KUSHI NAGAR',9),(686,'Admin','2021-04-09 22:31:44',NULL,NULL,'Y',161,'LALITPUR',9),(687,'Admin','2021-04-09 22:31:44',NULL,NULL,'Y',162,'LUCKNOW',9),(688,'Admin','2021-04-09 22:31:44',NULL,NULL,'Y',164,'MAHARAJGANJ',9),(689,'Admin','2021-04-09 22:31:44',NULL,NULL,'Y',165,'MAHOBA',9),(690,'Admin','2021-04-09 22:31:44',NULL,NULL,'Y',166,'MAINPURI',9),(691,'Admin','2021-04-09 22:31:44',NULL,NULL,'Y',167,'MATHURA',9),(692,'Admin','2021-04-09 22:31:44',NULL,NULL,'Y',168,'MAU',9),(693,'Admin','2021-04-09 22:31:44',NULL,NULL,'Y',169,'MEERUT',9),(694,'Admin','2021-04-09 22:31:44',NULL,NULL,'Y',170,'MIRZAPUR',9),(695,'Admin','2021-04-09 22:31:44',NULL,NULL,'Y',171,'MORADABAD',9),(696,'Admin','2021-04-09 22:31:44',NULL,NULL,'Y',172,'MUZAFFARNAGAR',9),(697,'Admin','2021-04-09 22:31:44',NULL,NULL,'Y',173,'PILIBHIT',9),(698,'Admin','2021-04-09 22:31:44',NULL,NULL,'Y',174,'PRATAPGARH',9),(699,'Admin','2021-04-09 22:31:44',NULL,NULL,'Y',120,'PRAYAGRAJ',9),(700,'Admin','2021-04-09 22:31:44',NULL,NULL,'Y',175,'RAE BARELI',9),(701,'Admin','2021-04-09 22:31:44',NULL,NULL,'Y',176,'RAMPUR',9),(702,'Admin','2021-04-09 22:31:44',NULL,NULL,'Y',177,'SAHARANPUR',9),(703,'Admin','2021-04-09 22:31:44',NULL,NULL,'Y',659,'SAMBHAL',9),(704,'Admin','2021-04-09 22:31:44',NULL,NULL,'Y',178,'SANT KABEER NAGAR',9),(705,'Admin','2021-04-09 22:31:44',NULL,NULL,'Y',180,'SHAHJAHANPUR',9),(706,'Admin','2021-04-09 22:31:44',NULL,NULL,'Y',660,'SHAMLI',9),(707,'Admin','2021-04-09 22:31:44',NULL,NULL,'Y',181,'SHRAVASTI',9),(708,'Admin','2021-04-09 22:31:44',NULL,NULL,'Y',182,'SIDDHARTH NAGAR',9),(709,'Admin','2021-04-09 22:31:44',NULL,NULL,'Y',183,'SITAPUR',9),(710,'Admin','2021-04-09 22:31:44',NULL,NULL,'Y',184,'SONBHADRA',9),(711,'Admin','2021-04-09 22:31:44',NULL,NULL,'Y',185,'SULTANPUR',9),(712,'Admin','2021-04-09 22:31:44',NULL,NULL,'Y',186,'UNNAO',9),(713,'Admin','2021-04-09 22:31:44',NULL,NULL,'Y',187,'VARANASI',9),(714,'Admin','2021-04-09 22:31:44',NULL,NULL,'Y',303,'24 PARAGANAS NORTH',19),(715,'Admin','2021-04-09 22:31:44',NULL,NULL,'Y',304,'24 PARAGANAS SOUTH',19),(716,'Admin','2021-04-09 22:31:44',NULL,NULL,'Y',664,'Alipurduar',19),(717,'Admin','2021-04-09 22:31:44',NULL,NULL,'Y',305,'BANKURA',19),(718,'Admin','2021-04-09 22:31:44',NULL,NULL,'Y',307,'BIRBHUM',19),(719,'Admin','2021-04-09 22:31:44',NULL,NULL,'Y',308,'COOCHBEHAR',19),(720,'Admin','2021-04-09 22:31:44',NULL,NULL,'Y',309,'DARJEELING',19),(721,'Admin','2021-04-09 22:31:44',NULL,NULL,'Y',310,'DINAJPUR DAKSHIN',19),(722,'Admin','2021-04-09 22:31:44',NULL,NULL,'Y',311,'DINAJPUR UTTAR',19),(723,'Admin','2021-04-09 22:31:44',NULL,NULL,'Y',312,'HOOGHLY',19),(724,'Admin','2021-04-09 22:31:44',NULL,NULL,'Y',313,'HOWRAH',19),(725,'Admin','2021-04-09 22:31:44',NULL,NULL,'Y',314,'JALPAIGURI',19),(726,'Admin','2021-04-09 22:31:44',NULL,NULL,'Y',703,'Jhargram',19),(727,'Admin','2021-04-09 22:31:44',NULL,NULL,'Y',702,'KALIMPONG',19),(728,'Admin','2021-04-09 22:31:44',NULL,NULL,'Y',315,'KOLKATA',19),(729,'Admin','2021-04-09 22:31:44',NULL,NULL,'Y',316,'MALDAH',19),(730,'Admin','2021-04-09 22:31:44',NULL,NULL,'Y',317,'MEDINIPUR EAST',19),(731,'Admin','2021-04-09 22:31:44',NULL,NULL,'Y',318,'MEDINIPUR WEST',19),(732,'Admin','2021-04-09 22:31:44',NULL,NULL,'Y',319,'MURSHIDABAD',19),(733,'Admin','2021-04-09 22:31:44',NULL,NULL,'Y',320,'NADIA',19),(734,'Admin','2021-04-09 22:31:44',NULL,NULL,'Y',704,'PASCHIM BARDHAMAN',19),(735,'Admin','2021-04-09 22:31:44',NULL,NULL,'Y',306,'PURBA BARDHAMAN',19),(736,'Admin','2021-04-09 22:31:44',NULL,NULL,'Y',321,'PURULIA',19);
/*!40000 ALTER TABLE `city_master` ENABLE KEYS */;
UNLOCK TABLES;

--
-- Table structure for table `crop_master`
--

DROP TABLE IF EXISTS `crop_master`;
/*!40101 SET @saved_cs_client     = @@character_set_client */;
/*!40101 SET character_set_client = utf8 */;
CREATE TABLE `crop_master` (
  `id` int(11) NOT NULL AUTO_INCREMENT,
  `created_by` varchar(10) DEFAULT NULL,
  `created_on` datetime DEFAULT NULL,
  `modified_by` varchar(100) DEFAULT NULL,
  `modified_on` datetime DEFAULT NULL,
  `active_status` varchar(1) DEFAULT NULL,
  `crop_name` varchar(50) DEFAULT NULL,
  PRIMARY KEY (`id`)
) ENGINE=InnoDB AUTO_INCREMENT=12 DEFAULT CHARSET=utf8mb4;
/*!40101 SET character_set_client = @saved_cs_client */;

--
-- Dumping data for table `crop_master`
--

LOCK TABLES `crop_master` WRITE;
/*!40000 ALTER TABLE `crop_master` DISABLE KEYS */;
INSERT INTO `crop_master` VALUES (1,'Admin','2021-04-12 17:32:28',NULL,NULL,NULL,'Sugarcane'),(2,'Admin','2021-04-12 17:32:28',NULL,NULL,NULL,'Tobacco'),(3,'Admin','2021-04-12 17:32:28',NULL,NULL,NULL,'Cotton'),(4,'Admin','2021-04-12 17:32:28',NULL,NULL,NULL,'Jute'),(5,'Admin','2021-04-12 17:32:28',NULL,NULL,NULL,'Wheat'),(6,'Admin','2021-04-12 17:32:28',NULL,NULL,NULL,'Maize'),(7,'Admin','2021-04-12 17:32:28',NULL,NULL,NULL,'Rice'),(8,'Admin','2021-04-12 17:32:28',NULL,NULL,NULL,'Coffee'),(9,'Admin','2021-04-12 17:32:28',NULL,NULL,NULL,'Coconut'),(10,'Admin','2021-04-12 17:32:28',NULL,NULL,NULL,'Tea'),(11,'Admin','2021-04-12 17:32:28',NULL,NULL,NULL,'Rubber');
/*!40000 ALTER TABLE `crop_master` ENABLE KEYS */;
UNLOCK TABLES;

--
-- Table structure for table `customer_master`
--

DROP TABLE IF EXISTS `customer_master`;
/*!40101 SET @saved_cs_client     = @@character_set_client */;
/*!40101 SET character_set_client = utf8 */;
CREATE TABLE `customer_master` (
  `id` int(11) NOT NULL,
  `created_by` varchar(10) DEFAULT NULL,
  `created_on` datetime DEFAULT NULL,
  `modified_by` varchar(100) DEFAULT NULL,
  `modified_on` datetime DEFAULT NULL,
  `active_status` varchar(1) DEFAULT NULL,
  `asm` varchar(50) DEFAULT NULL,
  `corr_address_no` varchar(50) DEFAULT NULL,
  `customer_no` varchar(50) DEFAULT NULL,
  `dealer` varchar(50) DEFAULT NULL,
  `email` varchar(100) DEFAULT NULL,
  `farm_address_no` varchar(50) DEFAULT NULL,
  `fathers_name` varchar(50) DEFAULT NULL,
  `first_name` varchar(50) DEFAULT NULL,
  `full_name` varchar(150) DEFAULT NULL,
  `last_name` varchar(50) DEFAULT NULL,
  `middle_name` varchar(50) DEFAULT NULL,
  `mobile` varchar(20) DEFAULT NULL,
  `mothers_name` varchar(50) DEFAULT NULL,
  `sap_farmer_code` varchar(50) DEFAULT NULL,
  `contact_number` bigint(20) DEFAULT NULL,
  `customer_id` varchar(50) DEFAULT NULL,
  `dealer_code` varchar(150) DEFAULT NULL,
  `dealer_name` varchar(150) DEFAULT NULL,
  `email_id` varchar(150) DEFAULT NULL,
  `father_name` varchar(150) DEFAULT NULL,
  `mother_name` varchar(150) DEFAULT NULL,
  PRIMARY KEY (`id`)
) ENGINE=InnoDB DEFAULT CHARSET=utf8mb4;
/*!40101 SET character_set_client = @saved_cs_client */;

--
-- Dumping data for table `customer_master`
--

LOCK TABLES `customer_master` WRITE;
/*!40000 ALTER TABLE `customer_master` DISABLE KEYS */;
INSERT INTO `customer_master` VALUES (3,'EPC Admin','2021-04-09 14:33:43',NULL,'2021-04-09 14:33:43','0','abc123','123',NULL,NULL,NULL,'f1',NULL,'manoj','manoj birla','birla','',NULL,NULL,'sapF1c',9090909090,'f1','123VR','Virend Rathi','birla.manoj8@mahindra.com','RBirla','Kbirla'),(12,'EPC Admin','2021-04-09 14:35:48',NULL,'2021-04-09 14:35:48','0','abc123','123',NULL,NULL,NULL,'f1',NULL,'manoj','manoj birla','birla','',NULL,NULL,'sapF1c',9090909090,'f1','123VR','Virend Rathi','birla.manoj1@mahindra.com','RBirla','Kbirla'),(21,'EPC Admin','2021-04-12 11:51:58',NULL,'2021-04-12 11:51:58','0','abc123','123',NULL,NULL,NULL,'f1',NULL,'manoj','manoj birla','birla','',NULL,NULL,'sapF1c',9090909090,'f1','123VR','Virend Rathi','birla.manoj12@mahindra.com','RBirla','Kbirla'),(30,'EPC Admin','2021-04-12 15:15:05',NULL,'2021-04-12 15:15:05','0','abc123','123',NULL,NULL,NULL,'f1',NULL,'manoj','manoj birla','birla','',NULL,NULL,'sapF1c',9090909090,'f1','123VR','Virend Rathi','birla.manoj123@mahindra.com','RBirla','Kbirla'),(34,'EPC Admin','2021-04-12 15:18:10',NULL,'2021-04-12 15:18:10','0','abc123','123',NULL,NULL,NULL,'f1',NULL,'manoj','manoj birla','birla','',NULL,NULL,'sapF1c',9090909090,'f1','123VR','Virend Rathi','birla.manoj12983@mahindra.com','RBirla','Kbirla'),(38,'EPC Admin','2021-04-14 13:01:11',NULL,'2021-04-14 13:01:11','0','abc123','123',NULL,NULL,NULL,'f1',NULL,'manoj','manoj birla','birla','',NULL,NULL,'sapF1c',9090909090,'f1','123VR','Virend Rathi','birla.manoj1HJH@mahindra.com','RBirla','Kbirla'),(42,'EPC Admin','2021-04-14 13:42:56',NULL,'2021-04-14 13:42:56','0','abc123','123',NULL,NULL,NULL,'f1',NULL,'manoj','manoj birla','birla','',NULL,NULL,'sapF1c',9090909090,'f1','123VR','Virend Rathi','birla.manoj54@mahindra.com','RBirla','Kbirla');
/*!40000 ALTER TABLE `customer_master` ENABLE KEYS */;
UNLOCK TABLES;

--
-- Table structure for table `delivery_chalan`
--

DROP TABLE IF EXISTS `delivery_chalan`;
/*!40101 SET @saved_cs_client     = @@character_set_client */;
/*!40101 SET character_set_client = utf8 */;
CREATE TABLE `delivery_chalan` (
  `id` int(11) NOT NULL,
  `del_chalan_file_name` varchar(100) DEFAULT NULL,
  `delivery_chalan_id` int(11) DEFAULT NULL,
  PRIMARY KEY (`id`),
  KEY `FKd9lckagoktp9v0pfxmxi79ln6` (`delivery_chalan_id`),
  CONSTRAINT `FKd9lckagoktp9v0pfxmxi79ln6` FOREIGN KEY (`delivery_chalan_id`) REFERENCES `lead_master` (`id`)
) ENGINE=InnoDB DEFAULT CHARSET=utf8mb4;
/*!40101 SET character_set_client = @saved_cs_client */;

--
-- Dumping data for table `delivery_chalan`
--

LOCK TABLES `delivery_chalan` WRITE;
/*!40000 ALTER TABLE `delivery_chalan` DISABLE KEYS */;
INSERT INTO `delivery_chalan` VALUES (5,'f1_deliverChalan1_',1),(6,'f1_deliverChalan2_',1),(14,'f1_deliverChalan1_',10),(15,'f1_deliverChalan2_',10),(23,'f1_deliverChalan1_',19),(24,'f1_deliverChalan2_',19);
/*!40000 ALTER TABLE `delivery_chalan` ENABLE KEYS */;
UNLOCK TABLES;

--
-- Table structure for table `district_master`
--

DROP TABLE IF EXISTS `district_master`;
/*!40101 SET @saved_cs_client     = @@character_set_client */;
/*!40101 SET character_set_client = utf8 */;
CREATE TABLE `district_master` (
  `id` int(11) NOT NULL,
  `created_by` varchar(10) DEFAULT NULL,
  `created_on` datetime DEFAULT NULL,
  `modified_by` varchar(100) DEFAULT NULL,
  `modified_on` datetime DEFAULT NULL,
  `active_status` varchar(1) DEFAULT NULL,
  `dist_short_name` varchar(10) DEFAULT NULL,
  `district_code` int(11) NOT NULL,
  `district_name` varchar(100) DEFAULT NULL,
  `state_code` int(11) NOT NULL,
  PRIMARY KEY (`id`)
) ENGINE=InnoDB DEFAULT CHARSET=utf8mb4;
/*!40101 SET character_set_client = @saved_cs_client */;

--
-- Dumping data for table `district_master`
--

LOCK TABLES `district_master` WRITE;
/*!40000 ALTER TABLE `district_master` DISABLE KEYS */;
/*!40000 ALTER TABLE `district_master` ENABLE KEYS */;
UNLOCK TABLES;

--
-- Table structure for table `enquiry_source_master`
--

DROP TABLE IF EXISTS `enquiry_source_master`;
/*!40101 SET @saved_cs_client     = @@character_set_client */;
/*!40101 SET character_set_client = utf8 */;
CREATE TABLE `enquiry_source_master` (
  `id` int(11) NOT NULL,
  `created_by` varchar(10) DEFAULT NULL,
  `created_on` datetime DEFAULT NULL,
  `modified_by` varchar(100) DEFAULT NULL,
  `modified_on` datetime DEFAULT NULL,
  `active_status` varchar(1) DEFAULT NULL,
  `enquiry_source` varchar(50) DEFAULT NULL,
  PRIMARY KEY (`id`)
) ENGINE=InnoDB DEFAULT CHARSET=utf8mb4;
/*!40101 SET character_set_client = @saved_cs_client */;

--
-- Dumping data for table `enquiry_source_master`
--

LOCK TABLES `enquiry_source_master` WRITE;
/*!40000 ALTER TABLE `enquiry_source_master` DISABLE KEYS */;
/*!40000 ALTER TABLE `enquiry_source_master` ENABLE KEYS */;
UNLOCK TABLES;

--
-- Table structure for table `epc_dealer_master`
--

DROP TABLE IF EXISTS `epc_dealer_master`;
/*!40101 SET @saved_cs_client     = @@character_set_client */;
/*!40101 SET character_set_client = utf8 */;
CREATE TABLE `epc_dealer_master` (
  `id` int(11) NOT NULL AUTO_INCREMENT,
  `created_by` varchar(10) DEFAULT NULL,
  `created_on` datetime DEFAULT NULL,
  `modified_by` varchar(100) DEFAULT NULL,
  `modified_on` datetime DEFAULT NULL,
  `active_status` varchar(1) DEFAULT NULL,
  `asm_code` varchar(50) DEFAULT NULL,
  `asm_name` varchar(50) DEFAULT NULL,
  `dealer_code` varchar(50) DEFAULT NULL,
  `email` varchar(100) DEFAULT NULL,
  `employee_type` varchar(20) DEFAULT NULL,
  `first_name` varchar(100) DEFAULT NULL,
  `last_name` varchar(100) DEFAULT NULL,
  `mobile` varchar(20) DEFAULT NULL,
  PRIMARY KEY (`id`)
) ENGINE=InnoDB AUTO_INCREMENT=7 DEFAULT CHARSET=utf8mb4;
/*!40101 SET character_set_client = @saved_cs_client */;

--
-- Dumping data for table `epc_dealer_master`
--

LOCK TABLES `epc_dealer_master` WRITE;
/*!40000 ALTER TABLE `epc_dealer_master` DISABLE KEYS */;
INSERT INTO `epc_dealer_master` VALUES (1,NULL,NULL,NULL,NULL,'Y','EPC-ASM-0000001','testASM1','EPC-DLR-0000001','test1@test.com','Dealer','test1','test1','9876543219'),(2,NULL,NULL,NULL,NULL,'Y','EPC-ASM-0000002','testASM2','EPC-DLR-0000002','test2@test.com','Dealer','test2','test2','9876543218'),(3,NULL,NULL,NULL,NULL,'Y','EPC-ASM-0000002','testASM2','EPC-DLR-0000003','test3@test.com','Dealer','test3','test3','9876543217'),(4,NULL,NULL,NULL,NULL,'Y','EPC-ASM-0000001','testASM1','EPC-DLR-0000001','test1@test.com','Dealer','test1','test1','9876543219'),(5,NULL,NULL,NULL,NULL,'Y','EPC-ASM-0000002','testASM2','EPC-DLR-0000002','test2@test.com','Dealer','test2','test2','9876543218'),(6,NULL,NULL,NULL,NULL,'Y','EPC-ASM-0000002','testASM2','EPC-DLR-0000003','test3@test.com','Dealer','test3','test3','9876543217');
/*!40000 ALTER TABLE `epc_dealer_master` ENABLE KEYS */;
UNLOCK TABLES;

--
-- Table structure for table `hibernate_sequence`
--

DROP TABLE IF EXISTS `hibernate_sequence`;
/*!40101 SET @saved_cs_client     = @@character_set_client */;
/*!40101 SET character_set_client = utf8 */;
CREATE TABLE `hibernate_sequence` (
  `next_val` bigint(20) DEFAULT NULL
) ENGINE=InnoDB DEFAULT CHARSET=utf8mb4;
/*!40101 SET character_set_client = @saved_cs_client */;

--
-- Dumping data for table `hibernate_sequence`
--

LOCK TABLES `hibernate_sequence` WRITE;
/*!40000 ALTER TABLE `hibernate_sequence` DISABLE KEYS */;
INSERT INTO `hibernate_sequence` VALUES (44),(44),(44),(44),(44),(44),(44),(44),(44),(44),(44),(44),(44),(44),(44),(44);
/*!40000 ALTER TABLE `hibernate_sequence` ENABLE KEYS */;
UNLOCK TABLES;

--
-- Table structure for table `inst_report_photos`
--

DROP TABLE IF EXISTS `inst_report_photos`;
/*!40101 SET @saved_cs_client     = @@character_set_client */;
/*!40101 SET character_set_client = utf8 */;
CREATE TABLE `inst_report_photos` (
  `id` int(11) NOT NULL,
  `inst_photo_name` varchar(100) DEFAULT NULL,
  `inst_report_photo_id` int(11) DEFAULT NULL,
  PRIMARY KEY (`id`),
  KEY `FKmbuuvb861kerhq7dihhvfh0qf` (`inst_report_photo_id`),
  CONSTRAINT `FKmbuuvb861kerhq7dihhvfh0qf` FOREIGN KEY (`inst_report_photo_id`) REFERENCES `lead_master` (`id`)
) ENGINE=InnoDB DEFAULT CHARSET=utf8mb4;
/*!40101 SET character_set_client = @saved_cs_client */;

--
-- Dumping data for table `inst_report_photos`
--

LOCK TABLES `inst_report_photos` WRITE;
/*!40000 ALTER TABLE `inst_report_photos` DISABLE KEYS */;
INSERT INTO `inst_report_photos` VALUES (7,'f1_instReportPhoto1_',1),(8,'f1_instReportPhoto2_',1),(9,'f1_instReportPhoto3_',1),(16,'f1_instReportPhoto1_',10),(17,'f1_instReportPhoto2_',10),(18,'f1_instReportPhoto3_',10),(25,'f1_instReportPhoto1_',19),(26,'f1_instReportPhoto2_',19),(27,'f1_instReportPhoto3_',19);
/*!40000 ALTER TABLE `inst_report_photos` ENABLE KEYS */;
UNLOCK TABLES;

--
-- Table structure for table `kyc_master`
--

DROP TABLE IF EXISTS `kyc_master`;
/*!40101 SET @saved_cs_client     = @@character_set_client */;
/*!40101 SET character_set_client = utf8 */;
CREATE TABLE `kyc_master` (
  `id` int(11) NOT NULL,
  `created_by` varchar(10) DEFAULT NULL,
  `created_on` datetime DEFAULT NULL,
  `modified_by` varchar(100) DEFAULT NULL,
  `modified_on` datetime DEFAULT NULL,
  `aadhar_card` varchar(100) DEFAULT NULL,
  `bank_doc` varchar(100) DEFAULT NULL,
  `chitta` varchar(100) DEFAULT NULL,
  `farmer_photo` varchar(100) DEFAULT NULL,
  `gps_capture_image` varchar(100) DEFAULT NULL,
  `kyc_no` varchar(50) DEFAULT NULL,
  `other_doc` varchar(100) DEFAULT NULL,
  `patta` varchar(100) DEFAULT NULL,
  `ration_card` varchar(100) DEFAULT NULL,
  `soil_test_doc` varchar(100) DEFAULT NULL,
  `survey_capture_image` varchar(100) DEFAULT NULL,
  `water_test_doc` varchar(100) DEFAULT NULL,
  PRIMARY KEY (`id`)
) ENGINE=InnoDB DEFAULT CHARSET=utf8mb4;
/*!40101 SET character_set_client = @saved_cs_client */;

--
-- Dumping data for table `kyc_master`
--

LOCK TABLES `kyc_master` WRITE;
/*!40000 ALTER TABLE `kyc_master` DISABLE KEYS */;
INSERT INTO `kyc_master` VALUES (4,'EPC Admin','2021-04-09 14:33:43',NULL,'2021-04-09 14:33:43','f1_aadharCard_','f1_bankDoc_','f1_chitta_','f1_farmerPhoto_','f1_gpsCaptureImage_',NULL,'f1_otherDoc_','f1_patta_','f1_rationCard_','f1_soilTestDoc_','f1_surveyCaptureImage_','f1_waterTestDoc_'),(13,'EPC Admin','2021-04-09 14:35:48',NULL,'2021-04-09 14:35:48','f1_aadharCard_','f1_bankDoc_','f1_chitta_','f1_farmerPhoto_cbimage.jpg','f1_gpsCaptureImage_',NULL,'f1_otherDoc_','f1_patta_','f1_rationCard_','f1_soilTestDoc_','f1_surveyCaptureImage_','f1_waterTestDoc_cbimage.jpg'),(22,'EPC Admin','2021-04-12 11:51:58',NULL,'2021-04-12 11:51:58','f1_aadharCard_','f1_bankDoc_','f1_chitta_','f1_farmerPhoto_cbimage.jpg','f1_gpsCaptureImage_',NULL,'f1_otherDoc_','f1_patta_','f1_rationCard_','f1_soilTestDoc_','f1_surveyCaptureImage_','f1_waterTestDoc_cbimage.jpg'),(31,'EPC Admin','2021-04-12 15:15:05',NULL,'2021-04-12 15:15:05',NULL,NULL,NULL,'f1_farmerPhoto_',NULL,NULL,NULL,NULL,NULL,NULL,NULL,NULL),(35,'EPC Admin','2021-04-12 15:18:10',NULL,'2021-04-12 15:18:10',NULL,NULL,NULL,'f1_farmerPhoto_',NULL,NULL,NULL,NULL,NULL,NULL,NULL,NULL),(39,'EPC Admin','2021-04-14 13:01:11',NULL,'2021-04-14 13:01:11',NULL,NULL,NULL,NULL,NULL,NULL,NULL,NULL,NULL,NULL,NULL,NULL),(43,'EPC Admin','2021-04-14 13:42:56',NULL,'2021-04-14 13:42:56',NULL,NULL,NULL,NULL,NULL,NULL,NULL,NULL,NULL,NULL,NULL,NULL);
/*!40000 ALTER TABLE `kyc_master` ENABLE KEYS */;
UNLOCK TABLES;

--
-- Table structure for table `lead_master`
--

DROP TABLE IF EXISTS `lead_master`;
/*!40101 SET @saved_cs_client     = @@character_set_client */;
/*!40101 SET character_set_client = utf8 */;
CREATE TABLE `lead_master` (
  `id` int(11) NOT NULL,
  `created_by` varchar(10) DEFAULT NULL,
  `created_on` datetime DEFAULT NULL,
  `modified_by` varchar(100) DEFAULT NULL,
  `modified_on` datetime DEFAULT NULL,
  `approval_status` varchar(50) DEFAULT NULL,
  `asm_id` varchar(50) DEFAULT NULL,
  `communication_id` varchar(50) DEFAULT NULL,
  `converted_to` varchar(50) DEFAULT NULL,
  `crop_name` varchar(50) DEFAULT NULL,
  `dealer_user_id` varchar(50) DEFAULT NULL,
  `enquiry_source` varchar(50) DEFAULT NULL,
  `enquiry_type` varchar(50) DEFAULT NULL,
  `est_purchase_month` varchar(50) DEFAULT NULL,
  `fa_id` varchar(50) DEFAULT NULL,
  `farmer_contri_amt` double NOT NULL,
  `farmer_id` varchar(50) DEFAULT NULL,
  `field_add_id` varchar(50) DEFAULT NULL,
  `govt_portal_reg_no` varchar(50) DEFAULT NULL,
  `manual_approval_triggered` varchar(50) DEFAULT NULL,
  `mis_product` varchar(50) DEFAULT NULL,
  `online_portal_status` varchar(50) DEFAULT NULL,
  `overall_status` varchar(50) DEFAULT NULL,
  `subsidy_pct` double NOT NULL,
  `total_quot_amt` double NOT NULL,
  `work_order_no` varchar(50) DEFAULT NULL,
  `work_order_status` varchar(50) DEFAULT NULL,
  `attachment1` varchar(255) DEFAULT NULL,
  `attachment_survey2` varchar(255) DEFAULT NULL,
  `gps` varchar(255) DEFAULT NULL,
  `initial_amt` double NOT NULL,
  `inst_report_video` varchar(255) DEFAULT NULL,
  `otp` varchar(255) DEFAULT NULL,
  `reg_status_on_govt_portal` varchar(50) DEFAULT NULL,
  `time_stamp` varchar(255) DEFAULT NULL,
  `visit_date` date DEFAULT NULL,
  `farmer_add_id_id` int(11) DEFAULT NULL,
  `farmer_id_id` int(11) DEFAULT NULL,
  `kyc_id_id` int(11) DEFAULT NULL,
  PRIMARY KEY (`id`),
  KEY `FKghl8mypi6nmdjhlbhluq5p80b` (`farmer_add_id_id`),
  KEY `FKok68g2c8ibb22dmrsyjinv4r3` (`farmer_id_id`),
  KEY `FKbjkec28a0kiua3w43lvy0uatq` (`kyc_id_id`),
  CONSTRAINT `FKbjkec28a0kiua3w43lvy0uatq` FOREIGN KEY (`kyc_id_id`) REFERENCES `kyc_master` (`id`),
  CONSTRAINT `FKghl8mypi6nmdjhlbhluq5p80b` FOREIGN KEY (`farmer_add_id_id`) REFERENCES `address_master` (`id`),
  CONSTRAINT `FKok68g2c8ibb22dmrsyjinv4r3` FOREIGN KEY (`farmer_id_id`) REFERENCES `customer_master` (`id`)
) ENGINE=InnoDB DEFAULT CHARSET=utf8mb4;
/*!40101 SET character_set_client = @saved_cs_client */;

--
-- Dumping data for table `lead_master`
--

LOCK TABLES `lead_master` WRITE;
/*!40000 ALTER TABLE `lead_master` DISABLE KEYS */;
INSERT INTO `lead_master` VALUES (1,'EPC Admin','2021-04-09 14:33:43',NULL,'2021-04-09 14:33:43','true','UK90','abc','yes','cotton','8989','Mahindra epc','low','january','UI89',1000,NULL,NULL,'ABC123','yes','drip','not delivered','pending',30,12000,'abc123','progress','f1_attachment1_','f1_attachmentSurvey2_',NULL,2000,'f1_instReportVideo_',NULL,'active',NULL,'2021-04-05',2,3,4),(10,'EPC Admin','2021-04-09 14:35:48',NULL,'2021-04-09 14:35:48','true','UK90','abc','yes','cotton','8989','Mahindra epc','low','january','UI89',1000,NULL,NULL,'ABC123','yes','drip','not delivered','pending',30,12000,'abc123','progress','f1_attachment1_','f1_attachmentSurvey2_',NULL,2000,'f1_instReportVideo_',NULL,'active',NULL,'2021-04-05',11,12,13),(19,'EPC Admin','2021-04-12 11:51:58',NULL,'2021-04-12 11:51:58','true','UK90','abc','yes','cotton','8989','Mahindra epc','low','january','UI89',1000,NULL,NULL,'ABC123','yes','drip','not delivered','pending',30,12000,'abc123','progress','f1_attachment1_','f1_attachmentSurvey2_',NULL,2000,'f1_instReportVideo_',NULL,'active',NULL,'2021-04-05',20,21,22),(28,'EPC Admin','2021-04-12 15:15:05',NULL,'2021-04-12 15:15:05','true','UK90','abc','yes','cotton','8989','Mahindra epc','low','january','UI89',1000,NULL,NULL,'ABC123','yes','drip','not delivered','pending',30,12000,'abc123','progress',NULL,NULL,NULL,2000,NULL,NULL,'active',NULL,'2021-04-05',29,30,31),(32,'EPC Admin','2021-04-12 15:18:10',NULL,'2021-04-12 15:18:10','true','UK90','abc','yes','cotton','8989','Mahindra epc','low','january','UI89',1000,NULL,NULL,'ABC123','yes','drip','not delivered','pending',30,12000,'abc123','progress',NULL,NULL,NULL,2000,NULL,NULL,'active',NULL,'2021-04-05',33,34,35),(36,'EPC Admin','2021-04-14 13:01:11',NULL,'2021-04-14 13:01:11','true','UK90','abc','yes','cotton','8989','Mahindra epc','low','january','UI89',1000,NULL,NULL,'ABC123','yes','drip','not delivered','pending',30,12000,'abc123','progress',NULL,NULL,NULL,2000,NULL,NULL,'active',NULL,'2021-04-05',37,38,39),(40,'EPC Admin','2021-04-14 13:42:56',NULL,'2021-04-14 13:42:56','true','UK90','abc','yes','cotton','8989','Mahindra epc','low','january','UI89',1000,NULL,NULL,'ABC123','yes','drip','not delivered','pending',30,12000,'abc123','progress',NULL,NULL,NULL,2000,NULL,NULL,'active',NULL,'2021-04-05',41,42,43);
/*!40000 ALTER TABLE `lead_master` ENABLE KEYS */;
UNLOCK TABLES;

--
-- Table structure for table `misproduct_master`
--

DROP TABLE IF EXISTS `misproduct_master`;
/*!40101 SET @saved_cs_client     = @@character_set_client */;
/*!40101 SET character_set_client = utf8 */;
CREATE TABLE `misproduct_master` (
  `id` int(11) NOT NULL,
  `created_by` varchar(10) DEFAULT NULL,
  `created_on` datetime DEFAULT NULL,
  `modified_by` varchar(100) DEFAULT NULL,
  `modified_on` datetime DEFAULT NULL,
  `active_status` varchar(1) DEFAULT NULL,
  `mis_product_name` varchar(50) DEFAULT NULL,
  PRIMARY KEY (`id`)
) ENGINE=InnoDB DEFAULT CHARSET=utf8mb4;
/*!40101 SET character_set_client = @saved_cs_client */;

--
-- Dumping data for table `misproduct_master`
--

LOCK TABLES `misproduct_master` WRITE;
/*!40000 ALTER TABLE `misproduct_master` DISABLE KEYS */;
/*!40000 ALTER TABLE `misproduct_master` ENABLE KEYS */;
UNLOCK TABLES;

--
-- Table structure for table `region_master`
--

DROP TABLE IF EXISTS `region_master`;
/*!40101 SET @saved_cs_client     = @@character_set_client */;
/*!40101 SET character_set_client = utf8 */;
CREATE TABLE `region_master` (
  `id` int(11) NOT NULL,
  `created_by` varchar(10) DEFAULT NULL,
  `created_on` datetime DEFAULT NULL,
  `modified_by` varchar(100) DEFAULT NULL,
  `modified_on` datetime DEFAULT NULL,
  `active_status` varchar(1) DEFAULT NULL,
  `region_desc` varchar(50) DEFAULT NULL,
  `region_id` varchar(20) DEFAULT NULL,
  `region_name` varchar(50) DEFAULT NULL,
  PRIMARY KEY (`id`)
) ENGINE=InnoDB DEFAULT CHARSET=utf8mb4;
/*!40101 SET character_set_client = @saved_cs_client */;

--
-- Dumping data for table `region_master`
--

LOCK TABLES `region_master` WRITE;
/*!40000 ALTER TABLE `region_master` DISABLE KEYS */;
/*!40000 ALTER TABLE `region_master` ENABLE KEYS */;
UNLOCK TABLES;

--
-- Table structure for table `region_state_map`
--

DROP TABLE IF EXISTS `region_state_map`;
/*!40101 SET @saved_cs_client     = @@character_set_client */;
/*!40101 SET character_set_client = utf8 */;
CREATE TABLE `region_state_map` (
  `id` int(11) NOT NULL,
  `created_by` varchar(10) DEFAULT NULL,
  `created_on` datetime DEFAULT NULL,
  `modified_by` varchar(100) DEFAULT NULL,
  `modified_on` datetime DEFAULT NULL,
  `active_status` varchar(1) DEFAULT NULL,
  `region_id` varchar(20) DEFAULT NULL,
  `state_code` int(11) NOT NULL,
  PRIMARY KEY (`id`)
) ENGINE=InnoDB DEFAULT CHARSET=utf8mb4;
/*!40101 SET character_set_client = @saved_cs_client */;

--
-- Dumping data for table `region_state_map`
--

LOCK TABLES `region_state_map` WRITE;
/*!40000 ALTER TABLE `region_state_map` DISABLE KEYS */;
/*!40000 ALTER TABLE `region_state_map` ENABLE KEYS */;
UNLOCK TABLES;

--
-- Table structure for table `role_master`
--

DROP TABLE IF EXISTS `role_master`;
/*!40101 SET @saved_cs_client     = @@character_set_client */;
/*!40101 SET character_set_client = utf8 */;
CREATE TABLE `role_master` (
  `id` int(11) NOT NULL,
  `created_by` varchar(10) DEFAULT NULL,
  `created_on` datetime DEFAULT NULL,
  `modified_by` varchar(100) DEFAULT NULL,
  `modified_on` datetime DEFAULT NULL,
  `active_status` varchar(1) DEFAULT NULL,
  `role_id` varchar(20) DEFAULT NULL,
  `role_name` varchar(50) DEFAULT NULL,
  `role_tab_id` varchar(20) DEFAULT NULL,
  PRIMARY KEY (`id`)
) ENGINE=InnoDB DEFAULT CHARSET=utf8mb4;
/*!40101 SET character_set_client = @saved_cs_client */;

--
-- Dumping data for table `role_master`
--

LOCK TABLES `role_master` WRITE;
/*!40000 ALTER TABLE `role_master` DISABLE KEYS */;
/*!40000 ALTER TABLE `role_master` ENABLE KEYS */;
UNLOCK TABLES;

--
-- Table structure for table `role_tab_mapping`
--

DROP TABLE IF EXISTS `role_tab_mapping`;
/*!40101 SET @saved_cs_client     = @@character_set_client */;
/*!40101 SET character_set_client = utf8 */;
CREATE TABLE `role_tab_mapping` (
  `id` int(11) NOT NULL,
  `created_by` varchar(10) DEFAULT NULL,
  `created_on` datetime DEFAULT NULL,
  `modified_by` varchar(100) DEFAULT NULL,
  `modified_on` datetime DEFAULT NULL,
  `active_status` varchar(1) DEFAULT NULL,
  `rt_map_id` varchar(20) DEFAULT NULL,
  `tab_id` varchar(20) DEFAULT NULL,
  PRIMARY KEY (`id`)
) ENGINE=InnoDB DEFAULT CHARSET=utf8mb4;
/*!40101 SET character_set_client = @saved_cs_client */;

--
-- Dumping data for table `role_tab_mapping`
--

LOCK TABLES `role_tab_mapping` WRITE;
/*!40000 ALTER TABLE `role_tab_mapping` DISABLE KEYS */;
/*!40000 ALTER TABLE `role_tab_mapping` ENABLE KEYS */;
UNLOCK TABLES;

--
-- Table structure for table `state_clust_city_map`
--

DROP TABLE IF EXISTS `state_clust_city_map`;
/*!40101 SET @saved_cs_client     = @@character_set_client */;
/*!40101 SET character_set_client = utf8 */;
CREATE TABLE `state_clust_city_map` (
  `id` int(11) NOT NULL,
  `created_by` varchar(10) DEFAULT NULL,
  `created_on` datetime DEFAULT NULL,
  `modified_by` varchar(100) DEFAULT NULL,
  `modified_on` datetime DEFAULT NULL,
  `active_status` varchar(1) DEFAULT NULL,
  `city_code` int(11) NOT NULL,
  `sc_id` varchar(20) DEFAULT NULL,
  PRIMARY KEY (`id`)
) ENGINE=InnoDB DEFAULT CHARSET=utf8mb4;
/*!40101 SET character_set_client = @saved_cs_client */;

--
-- Dumping data for table `state_clust_city_map`
--

LOCK TABLES `state_clust_city_map` WRITE;
/*!40000 ALTER TABLE `state_clust_city_map` DISABLE KEYS */;
/*!40000 ALTER TABLE `state_clust_city_map` ENABLE KEYS */;
UNLOCK TABLES;

--
-- Table structure for table `state_cluster_master`
--

DROP TABLE IF EXISTS `state_cluster_master`;
/*!40101 SET @saved_cs_client     = @@character_set_client */;
/*!40101 SET character_set_client = utf8 */;
CREATE TABLE `state_cluster_master` (
  `id` int(11) NOT NULL,
  `created_by` varchar(10) DEFAULT NULL,
  `created_on` datetime DEFAULT NULL,
  `modified_by` varchar(100) DEFAULT NULL,
  `modified_on` datetime DEFAULT NULL,
  `active_status` varchar(1) DEFAULT NULL,
  `sc_desc` varchar(100) DEFAULT NULL,
  `sc_id` varchar(20) DEFAULT NULL,
  `sc_name` varchar(50) DEFAULT NULL,
  PRIMARY KEY (`id`)
) ENGINE=InnoDB DEFAULT CHARSET=utf8mb4;
/*!40101 SET character_set_client = @saved_cs_client */;

--
-- Dumping data for table `state_cluster_master`
--

LOCK TABLES `state_cluster_master` WRITE;
/*!40000 ALTER TABLE `state_cluster_master` DISABLE KEYS */;
/*!40000 ALTER TABLE `state_cluster_master` ENABLE KEYS */;
UNLOCK TABLES;

--
-- Table structure for table `state_master`
--

DROP TABLE IF EXISTS `state_master`;
/*!40101 SET @saved_cs_client     = @@character_set_client */;
/*!40101 SET character_set_client = utf8 */;
CREATE TABLE `state_master` (
  `id` int(11) NOT NULL,
  `created_by` varchar(10) DEFAULT NULL,
  `created_on` datetime DEFAULT NULL,
  `modified_by` varchar(100) DEFAULT NULL,
  `modified_on` datetime DEFAULT NULL,
  `active_status` varchar(1) DEFAULT NULL,
  `gst_code` int(11) NOT NULL,
  `state_code` int(11) NOT NULL,
  `state_name` varchar(50) DEFAULT NULL,
  `state_orut` varchar(10) DEFAULT NULL,
  PRIMARY KEY (`id`)
) ENGINE=InnoDB DEFAULT CHARSET=utf8mb4;
/*!40101 SET character_set_client = @saved_cs_client */;

--
-- Dumping data for table `state_master`
--

LOCK TABLES `state_master` WRITE;
/*!40000 ALTER TABLE `state_master` DISABLE KEYS */;
INSERT INTO `state_master` VALUES (1,'Admin','2021-04-09 22:21:16',NULL,NULL,'Y',35,35,'ANDAMAN AND NICOBAR ISLANDS','UT'),(2,'Admin','2021-04-09 22:21:16',NULL,NULL,'Y',28,28,'ANDHRA PRADESH','State'),(3,'Admin','2021-04-09 22:21:16',NULL,NULL,'Y',12,12,'ARUNACHAL PRADESH','State'),(4,'Admin','2021-04-09 22:21:16',NULL,NULL,'Y',18,18,'ASSAM','State'),(5,'Admin','2021-04-09 22:21:16',NULL,NULL,'Y',10,10,'BIHAR','State'),(6,'Admin','2021-04-09 22:21:16',NULL,NULL,'Y',4,4,'CHANDIGARH','UT'),(7,'Admin','2021-04-09 22:21:16',NULL,NULL,'Y',22,22,'CHHATTISGARH','State'),(8,'Admin','2021-04-09 22:21:16',NULL,NULL,'Y',7,7,'DELHI','UT'),(9,'Admin','2021-04-09 22:21:16',NULL,NULL,'Y',30,30,'GOA','State'),(10,'Admin','2021-04-09 22:21:16',NULL,NULL,'Y',24,24,'GUJARAT','State'),(11,'Admin','2021-04-09 22:21:16',NULL,NULL,'Y',6,6,'HARYANA','State'),(12,'Admin','2021-04-09 22:21:16',NULL,NULL,'Y',2,2,'HIMACHAL PRADESH','State'),(13,'Admin','2021-04-09 22:21:16',NULL,NULL,'Y',1,1,'JAMMU AND KASHMIR','UT'),(14,'Admin','2021-04-09 22:21:16',NULL,NULL,'Y',20,20,'JHARKHAND','State'),(15,'Admin','2021-04-09 22:21:16',NULL,NULL,'Y',29,29,'KARNATAKA','State'),(16,'Admin','2021-04-09 22:21:16',NULL,NULL,'Y',32,32,'KERALA','State'),(17,'Admin','2021-04-09 22:21:16',NULL,NULL,'Y',37,37,'LADAKH','UT'),(18,'Admin','2021-04-09 22:21:16',NULL,NULL,'Y',31,31,'LAKSHADWEEP','UT'),(19,'Admin','2021-04-09 22:21:16',NULL,NULL,'Y',23,23,'MADHYA PRADESH','State'),(20,'Admin','2021-04-09 22:21:16',NULL,NULL,'Y',27,27,'MAHARASHTRA','State'),(21,'Admin','2021-04-09 22:21:16',NULL,NULL,'Y',14,14,'MANIPUR','State'),(22,'Admin','2021-04-09 22:21:16',NULL,NULL,'Y',17,17,'MEGHALAYA','State'),(23,'Admin','2021-04-09 22:21:16',NULL,NULL,'Y',15,15,'MIZORAM','State'),(24,'Admin','2021-04-09 22:21:16',NULL,NULL,'Y',13,13,'NAGALAND','State'),(25,'Admin','2021-04-09 22:21:16',NULL,NULL,'Y',21,21,'ODISHA','State'),(26,'Admin','2021-04-09 22:21:16',NULL,NULL,'Y',34,34,'PUDUCHERRY','UT'),(27,'Admin','2021-04-09 22:21:16',NULL,NULL,'Y',3,3,'PUNJAB','State'),(28,'Admin','2021-04-09 22:21:16',NULL,NULL,'Y',8,8,'RAJASTHAN','State'),(29,'Admin','2021-04-09 22:21:16',NULL,NULL,'Y',11,11,'SIKKIM','State'),(30,'Admin','2021-04-09 22:21:16',NULL,NULL,'Y',33,33,'TAMIL NADU','State'),(31,'Admin','2021-04-09 22:21:16',NULL,NULL,'Y',36,36,'TELANGANA','State'),(32,'Admin','2021-04-09 22:21:16',NULL,NULL,'Y',38,38,'THE DADRA AND NAGAR HAVELI AND DAMAN AND DIU','UT'),(33,'Admin','2021-04-09 22:21:16',NULL,NULL,'Y',16,16,'TRIPURA','State'),(34,'Admin','2021-04-09 22:21:16',NULL,NULL,'Y',5,5,'UTTARAKHAND','State'),(35,'Admin','2021-04-09 22:21:16',NULL,NULL,'Y',9,9,'UTTAR PRADESH','State'),(36,'Admin','2021-04-09 22:21:16',NULL,NULL,'Y',19,19,'WEST BENGAL','State');
/*!40000 ALTER TABLE `state_master` ENABLE KEYS */;
UNLOCK TABLES;

--
-- Table structure for table `subsidy_master`
--

DROP TABLE IF EXISTS `subsidy_master`;
/*!40101 SET @saved_cs_client     = @@character_set_client */;
/*!40101 SET character_set_client = utf8 */;
CREATE TABLE `subsidy_master` (
  `id` int(11) NOT NULL AUTO_INCREMENT,
  `created_by` varchar(10) DEFAULT NULL,
  `created_on` datetime DEFAULT NULL,
  `modified_by` varchar(100) DEFAULT NULL,
  `modified_on` datetime DEFAULT NULL,
  `state_code` int(11) NOT NULL,
  `subsidy` double NOT NULL,
  PRIMARY KEY (`id`)
) ENGINE=InnoDB AUTO_INCREMENT=39 DEFAULT CHARSET=utf8mb4;
/*!40101 SET character_set_client = @saved_cs_client */;

--
-- Dumping data for table `subsidy_master`
--

LOCK TABLES `subsidy_master` WRITE;
/*!40000 ALTER TABLE `subsidy_master` DISABLE KEYS */;
INSERT INTO `subsidy_master` VALUES (1,'Admin','2021-04-12 17:20:07',NULL,NULL,1,68),(2,'Admin','2021-04-12 17:20:07',NULL,NULL,2,65),(3,'Admin','2021-04-12 17:20:07',NULL,NULL,3,60),(4,'Admin','2021-04-12 17:20:07',NULL,NULL,4,70),(5,'Admin','2021-04-12 17:20:07',NULL,NULL,5,90),(6,'Admin','2021-04-12 17:20:07',NULL,NULL,6,95),(7,'Admin','2021-04-12 17:20:07',NULL,NULL,7,85),(8,'Admin','2021-04-12 17:20:07',NULL,NULL,8,75),(9,'Admin','2021-04-12 17:20:07',NULL,NULL,9,80),(10,'Admin','2021-04-12 17:20:07',NULL,NULL,10,70),(11,'Admin','2021-04-12 17:20:07',NULL,NULL,11,60),(12,'Admin','2021-04-12 17:20:07',NULL,NULL,12,90),(13,'Admin','2021-04-12 17:20:07',NULL,NULL,13,80),(14,'Admin','2021-04-12 17:20:07',NULL,NULL,14,87),(15,'Admin','2021-04-12 17:20:07',NULL,NULL,15,90),(16,'Admin','2021-04-12 17:20:07',NULL,NULL,16,82),(17,'Admin','2021-04-12 17:20:07',NULL,NULL,17,80),(18,'Admin','2021-04-12 17:20:07',NULL,NULL,18,85),(19,'Admin','2021-04-12 17:20:07',NULL,NULL,19,95),(20,'Admin','2021-04-12 17:20:07',NULL,NULL,20,97),(21,'Admin','2021-04-12 17:20:07',NULL,NULL,21,90),(22,'Admin','2021-04-12 17:20:07',NULL,NULL,22,80),(23,'Admin','2021-04-12 17:20:07',NULL,NULL,23,70),(24,'Admin','2021-04-12 17:20:07',NULL,NULL,24,65),(25,'Admin','2021-04-12 17:20:07',NULL,NULL,25,60),(26,'Admin','2021-04-12 17:20:07',NULL,NULL,26,70),(27,'Admin','2021-04-12 17:20:07',NULL,NULL,27,75),(28,'Admin','2021-04-12 17:20:07',NULL,NULL,28,83),(29,'Admin','2021-04-12 17:20:07',NULL,NULL,29,86),(30,'Admin','2021-04-12 17:20:07',NULL,NULL,30,70),(31,'Admin','2021-04-12 17:20:07',NULL,NULL,31,90),(32,'Admin','2021-04-12 17:20:07',NULL,NULL,32,95),(33,'Admin','2021-04-12 17:20:07',NULL,NULL,33,87),(34,'Admin','2021-04-12 17:20:07',NULL,NULL,34,70),(35,'Admin','2021-04-12 17:20:07',NULL,NULL,35,40),(36,'Admin','2021-04-12 17:20:07',NULL,NULL,36,23),(37,'Admin','2021-04-12 17:20:07',NULL,NULL,37,21),(38,'Admin','2021-04-12 17:20:07',NULL,NULL,38,10);
/*!40000 ALTER TABLE `subsidy_master` ENABLE KEYS */;
UNLOCK TABLES;

--
-- Table structure for table `tab_master`
--

DROP TABLE IF EXISTS `tab_master`;
/*!40101 SET @saved_cs_client     = @@character_set_client */;
/*!40101 SET character_set_client = utf8 */;
CREATE TABLE `tab_master` (
  `id` int(11) NOT NULL,
  `created_by` varchar(10) DEFAULT NULL,
  `created_on` datetime DEFAULT NULL,
  `modified_by` varchar(100) DEFAULT NULL,
  `modified_on` datetime DEFAULT NULL,
  `active_status` varchar(1) DEFAULT NULL,
  `tab_desc` varchar(100) DEFAULT NULL,
  `tab_id` varchar(20) DEFAULT NULL,
  `tab_name` varchar(100) DEFAULT NULL,
  PRIMARY KEY (`id`)
) ENGINE=InnoDB DEFAULT CHARSET=utf8mb4;
/*!40101 SET character_set_client = @saved_cs_client */;

--
-- Dumping data for table `tab_master`
--

LOCK TABLES `tab_master` WRITE;
/*!40000 ALTER TABLE `tab_master` DISABLE KEYS */;
/*!40000 ALTER TABLE `tab_master` ENABLE KEYS */;
UNLOCK TABLES;

--
-- Table structure for table `user_master`
--

DROP TABLE IF EXISTS `user_master`;
/*!40101 SET @saved_cs_client     = @@character_set_client */;
/*!40101 SET character_set_client = utf8 */;
CREATE TABLE `user_master` (
  `id` int(11) NOT NULL AUTO_INCREMENT,
  `created_by` varchar(10) DEFAULT NULL,
  `created_on` datetime DEFAULT NULL,
  `modified_by` varchar(100) DEFAULT NULL,
  `modified_on` datetime DEFAULT NULL,
  `active_status` varchar(1) DEFAULT NULL,
  `email` varchar(100) DEFAULT NULL,
  `employee_type` varchar(20) DEFAULT NULL,
  `first_name` varchar(100) DEFAULT NULL,
  `last_name` varchar(100) DEFAULT NULL,
  `mobile` varchar(20) DEFAULT NULL,
  `password` varchar(50) DEFAULT NULL,
  `pwd_validity` datetime DEFAULT NULL,
  `region_id` varchar(20) DEFAULT NULL,
  `role_id` varchar(20) DEFAULT NULL,
  `state_cluster_id` varchar(20) DEFAULT NULL,
  `token_no` varchar(50) DEFAULT NULL,
  `user_id` varchar(50) DEFAULT NULL,
  PRIMARY KEY (`id`)
) ENGINE=InnoDB AUTO_INCREMENT=7 DEFAULT CHARSET=utf8mb4;
/*!40101 SET character_set_client = @saved_cs_client */;

--
-- Dumping data for table `user_master`
--

LOCK TABLES `user_master` WRITE;
/*!40000 ALTER TABLE `user_master` DISABLE KEYS */;
INSERT INTO `user_master` VALUES (1,NULL,NULL,NULL,'2021-04-06 09:22:46',NULL,'test@email.com','type','test','test_Name','9876543219','53153','2021-04-06 09:24:46',NULL,NULL,NULL,NULL,'testUser'),(2,NULL,NULL,NULL,'2021-04-06 12:16:30',NULL,NULL,NULL,'raj','addu','8452978029','38262','2021-04-06 12:18:30',NULL,NULL,NULL,NULL,'raj1'),(3,NULL,NULL,NULL,NULL,NULL,NULL,NULL,'shishir','yadav','9930801070',NULL,NULL,NULL,NULL,NULL,NULL,'yadav1'),(4,NULL,NULL,NULL,'2021-04-14 15:25:29',NULL,NULL,NULL,'sakchi','sakchi','8971055151','53680','2021-04-14 15:27:29',NULL,NULL,NULL,NULL,'sakchi'),(5,NULL,NULL,NULL,'2021-04-19 10:35:42',NULL,NULL,NULL,NULL,'Sandeep','8451963417','99728','2021-04-19 10:37:42',NULL,NULL,NULL,NULL,'Sandeep'),(6,NULL,NULL,NULL,'2021-04-19 10:57:37',NULL,NULL,NULL,'test2','test2','8779679290','28653','2021-04-19 10:59:37',NULL,NULL,NULL,NULL,'test2');
/*!40000 ALTER TABLE `user_master` ENABLE KEYS */;
UNLOCK TABLES;
/*!40103 SET TIME_ZONE=@OLD_TIME_ZONE */;

/*!40101 SET SQL_MODE=@OLD_SQL_MODE */;
/*!40014 SET FOREIGN_KEY_CHECKS=@OLD_FOREIGN_KEY_CHECKS */;
/*!40014 SET UNIQUE_CHECKS=@OLD_UNIQUE_CHECKS */;
/*!40101 SET CHARACTER_SET_CLIENT=@OLD_CHARACTER_SET_CLIENT */;
/*!40101 SET CHARACTER_SET_RESULTS=@OLD_CHARACTER_SET_RESULTS */;
/*!40101 SET COLLATION_CONNECTION=@OLD_COLLATION_CONNECTION */;
/*!40111 SET SQL_NOTES=@OLD_SQL_NOTES */;

-- Dump completed on 2021-04-19 11:22:13
